tweet_id,timestamp,source,text,expanded_urls,rating_numerator,rating_denominator,name,dog_stage,Info
890240255349198849,2017-07-26 15:59:51+00:00,Twitter for iPhone,This is Cassie. She is a college pup. Studying international doggo communication and stick theory. 14/10 so elegant much sophisticate ,https://twitter.com/dog_rates/status/890240255349198849/photo/1,14.0,10.0,Cassie,doggo,doggo
884162670584377345,2017-07-09 21:29:42+00:00,Twitter for iPhone,Meet Yogi. He doesn't have any important dog meetings today he just enjoys looking his best at all times. 12/10 for dangerously dapper doggo ,https://twitter.com/dog_rates/status/884162670584377345/photo/1,12.0,10.0,Yogi,doggo,doggo
872967104147763200,2017-06-09 00:02:31+00:00,Twitter for iPhone,Here's a very large dog. He has a date later. Politely asked this water person to check if his breath is bad. 12/10 good to go doggo ,"https://twitter.com/dog_rates/status/872967104147763200/photo/1,https://twitter.com/dog_rates/status/872967104147763200/photo/1",12.0,10.0,None,doggo,doggo
871515927908634625,2017-06-04 23:56:03+00:00,Twitter for iPhone,This is Napolean. He's a Raggedy East Nicaraguan Zoom Zoom. Runs on one leg. Built for deception. No eyes. Good with kids. 12/10 great doggo ,"https://twitter.com/dog_rates/status/871515927908634625/photo/1,https://twitter.com/dog_rates/status/871515927908634625/photo/1",12.0,10.0,Napolean,doggo,doggo
871102520638267392,2017-06-03 20:33:19+00:00,Twitter for iPhone,Never doubt a doggo 14/10 ,https://twitter.com/animalcog/status/871075758080503809,14.0,10.0,None,doggo,doggo
869596645499047938,2017-05-30 16:49:31+00:00,Twitter for iPhone,This is Scout. He just graduated. Officially a doggo now. Have fun with taxes and losing sight of your ambitions. 12/10 would throw cap for ,"https://twitter.com/dog_rates/status/869596645499047938/photo/1,https://twitter.com/dog_rates/status/869596645499047938/photo/1",12.0,10.0,Scout,doggo,doggo
858843525470990336,2017-05-01 00:40:27+00:00,Twitter for iPhone,I have stumbled puppon a doggo painting party. They're looking to be the next Pupcasso or Puppollock. All 13/10 would put it on the fridge ,https://twitter.com/dog_rates/status/858843525470990336/photo/1,13.0,10.0,None,doggo,doggo
855851453814013952,2017-04-22 18:31:02+00:00,Twitter for iPhone,Here's a puppo participating in the #ScienceMarch. Cleverly disguising her own doggo agenda. 13/10 would keep the planet habitable for ,https://twitter.com/dog_rates/status/855851453814013952/photo/1,13.0,10.0,None,doggo,doggo
854010172552949760,2017-04-17 16:34:26+00:00,Twitter for iPhone,"At first I thought this was a shy doggo, but it's actually a Rare Canadian Floofer Owl. Amateurs would confuse the two. 11/10 only send dogs ","https://twitter.com/dog_rates/status/854010172552949760/photo/1,https://twitter.com/dog_rates/status/854010172552949760/photo/1",11.0,10.0,None,doggo,doggo
846514051647705089,2017-03-28 00:07:32+00:00,Twitter for iPhone,This is Barney. He's an elder doggo. Hitches a ride when he gets tired. Waves goodbye before he leaves. 13/10 please come back soon ,"https://twitter.com/dog_rates/status/846514051647705089/photo/1,https://twitter.com/dog_rates/status/846514051647705089/photo/1,https://twitter.com/dog_rates/status/846514051647705089/photo/1",13.0,10.0,Barney,doggo,doggo
845397057150107648,2017-03-24 22:08:59+00:00,Twitter for iPhone,"Say hello to Mimosa. She's an emotional support doggo who helps her owner with PTSD. 13/10, but she needs your help

","https://www.gofundme.com/help-save-a-pup,https://twitter.com/dog_rates/status/845397057150107648/photo/1,https://twitter.com/dog_rates/status/845397057150107648/photo/1",13.0,10.0,Mimosa,doggo,doggo
836753516572119041,2017-03-01 01:42:39+00:00,Twitter for iPhone,This is Meera. She just heard about taxes and how much a doghouse in a nice area costs. Not pupared to be a  doggo anymore. 12/10 ,https://twitter.com/dog_rates/status/836753516572119041/photo/1,12.0,10.0,Meera,doggo,doggo
834574053763584002,2017-02-23 01:22:14+00:00,Twitter for iPhone,Here's a doggo fully pupared for a shower. H*ckin exquisite balance. Sneaky tongue slip too. 13/10 ,https://twitter.com/dog_rates/status/834574053763584002/photo/1,13.0,10.0,None,doggo,doggo
834089966724603904,2017-02-21 17:18:39+00:00,Twitter for iPhone,DOGGO ON THE LOOSE I REPEAT DOGGO ON THE LOOSE 10/10 ,https://twitter.com/stevekopack/status/834086676934836224,10.0,10.0,None,doggo,doggo
832998151111966721,2017-02-18 17:00:10+00:00,Twitter for iPhone,"This is Rhino. He arrived at a shelter with an elaborate doggo manual for his new family, written by someone who will always love him. 13/10 ","https://twitter.com/dog_rates/status/832998151111966721/photo/1,https://twitter.com/dog_rates/status/832998151111966721/photo/1",13.0,10.0,Rhino,doggo,doggo
832273440279240704,2017-02-16 17:00:25+00:00,Twitter for iPhone,Say hello to Smiley. He's a blind therapy doggo having a h*ckin blast high steppin around in the snow. 14/10 would follow anywhere ,https://twitter.com/dog_rates/status/832273440279240704/video/1,14.0,10.0,Smiley,doggo,doggo
832032802820481025,2017-02-16 01:04:13+00:00,Twitter for iPhone,"This is Miguel. He was the only remaining doggo at the adoption center after the weekend. Let's change that. 12/10

","https://www.petfinder.com/petdetail/34918210,https://twitter.com/dog_rates/status/832032802820481025/photo/1,https://twitter.com/dog_rates/status/832032802820481025/photo/1,https://twitter.com/dog_rates/status/832032802820481025/photo/1,https://twitter.com/dog_rates/status/832032802820481025/photo/1",12.0,10.0,Miguel,doggo,doggo
831939777352105988,2017-02-15 18:54:34+00:00,Twitter for iPhone,This is Emanuel. He's a h*ckin rare doggo. Dwells in a semi-urban environment. Round features make him extra collectible. 12/10 would so pet ,https://twitter.com/dog_rates/status/831939777352105988/photo/1,12.0,10.0,Emanuel,doggo,doggo
831322785565769729,2017-02-14 02:02:51+00:00,Twitter for iPhone,This is Pete. He has no eyes. Needs a guide doggo. Also appears to be considerably fluffy af. 12/10 would hug softly ,https://twitter.com/dog_rates/status/831322785565769729/photo/1,12.0,10.0,Pete,doggo,doggo
829449946868879360,2017-02-08 22:00:52+00:00,Twitter for iPhone,Here's a stressed doggo. Had a long day. Many things on her mind. The hat communicates these feelings exquisitely. 11/10 ,https://twitter.com/dog_rates/status/829449946868879360/photo/1,11.0,10.0,None,doggo,doggo
829374341691346946,2017-02-08 17:00:26+00:00,Twitter for iPhone,This is Astrid. She's a guide doggo in training. 13/10 would follow anywhere ,"https://twitter.com/dog_rates/status/829374341691346946/photo/1,https://twitter.com/dog_rates/status/829374341691346946/photo/1",13.0,10.0,Astrid,doggo,doggo
828381636999917570,2017-02-05 23:15:47+00:00,Twitter for iPhone,Meet Doobert. He's a deaf doggo. Didn't stop him on the field tho. Absolute legend today. 14/10 would pat head approvingly ,https://twitter.com/dog_rates/status/828381636999917570/photo/1,14.0,10.0,Doobert,doggo,doggo
826958653328592898,2017-02-02 01:01:21+00:00,Twitter for iPhone,This is Loki. He smiles like Elvis. Ain't nothin but a hound doggo. 12/10 ,https://twitter.com/dog_rates/status/826958653328592898/photo/1,12.0,10.0,Loki,doggo,doggo
826848821049180160,2017-02-01 17:44:55+00:00,Twitter for iPhone,This is Cupid. He was found in the trash. Now he's well on his way to prosthetic front legs and a long happy doggo life. 13/10 heroic af ,"https://twitter.com/dog_rates/status/826848821049180160/photo/1,https://twitter.com/dog_rates/status/826848821049180160/photo/1,https://twitter.com/dog_rates/status/826848821049180160/photo/1,https://twitter.com/dog_rates/status/826848821049180160/photo/1",13.0,10.0,Cupid,doggo,doggo
826476773533745153,2017-01-31 17:06:32+00:00,Twitter for iPhone,This is Pilot. He has mastered the synchronized head tilt and sneaky tongue slip. Usually not unlocked until later doggo days. 12/10 ,https://twitter.com/dog_rates/status/826476773533745153/photo/1,12.0,10.0,Pilot,doggo,doggo
826204788643753985,2017-01-30 23:05:46+00:00,Twitter for iPhone,"Here's a little more info on Dew, your favorite roaming doggo that went h*ckin viral. 13/10 
","http://us.blastingnews.com/news/2017/01/kentucky-teen-helps-lost-yellow-labrador-and-gets-a-huge-surprise-001431969.html?sbdht=_pM1QUzk3wsenGU1giO7UnJ5NGGiKRW9AD5xs2MkaDpYY13JxbtKE4w2_,https://twitter.com/dog_rates/status/826204788643753985/photo/1,https://twitter.com/dog_rates/status/826204788643753985/photo/1,https://twitter.com/dog_rates/status/826204788643753985/photo/1,https://twitter.com/dog_rates/status/826204788643753985/photo/1",13.0,10.0,None,doggo,doggo
821765923262631936,2017-01-18 17:07:18+00:00,Twitter for iPhone,This is Duchess. She uses dark doggo forces to levitate her toys. 13/10 magical af ,https://twitter.com/dog_rates/status/821765923262631936/photo/1,13.0,10.0,Duchess,doggo,doggo
821407182352777218,2017-01-17 17:21:47+00:00,Twitter for iPhone,This is Sundance. He's a doggo drummer. Even sings a bit on the side. 14/10 entertained af (vid by @sweetsundance) ,https://twitter.com/dog_rates/status/821407182352777218/video/1,14.0,10.0,Sundance,doggo,doggo
821107785811234820,2017-01-16 21:32:06+00:00,Twitter for iPhone,Here's a doggo who looks like he's about to give you a list of mythical ingredients to go collect for his potion. 11/10 would obey ,https://twitter.com/dog_rates/status/821107785811234820/photo/1,11.0,10.0,None,doggo,doggo
819924195358416896,2017-01-13 15:08:56+00:00,Twitter for iPhone,Here we have a doggo who has messed up. He was hoping you wouldn't notice. 11/10 someone help him ,https://twitter.com/dog_rates/status/819924195358416896/video/1,11.0,10.0,None,doggo,doggo
819006400881917954,2017-01-11 02:21:57+00:00,Twitter for iPhone,This is Sunny. She was also a very good First Doggo. 14/10 would also be an absolute honor to pet ,"https://twitter.com/dog_rates/status/819006400881917954/photo/1,https://twitter.com/dog_rates/status/819006400881917954/photo/1,https://twitter.com/dog_rates/status/819006400881917954/photo/1,https://twitter.com/dog_rates/status/819006400881917954/photo/1",14.0,10.0,Sunny,doggo,doggo
819004803107983360,2017-01-11 02:15:36+00:00,Twitter for iPhone,This is Bo. He was a very good First Doggo. 14/10 would be an absolute honor to pet ,"https://twitter.com/dog_rates/status/819004803107983360/photo/1,https://twitter.com/dog_rates/status/819004803107983360/photo/1,https://twitter.com/dog_rates/status/819004803107983360/photo/1,https://twitter.com/dog_rates/status/819004803107983360/photo/1",14.0,10.0,Bo,doggo,doggo
817777686764523521,2017-01-07 16:59:28+00:00,Twitter for iPhone,"This is Dido. She's playing the lead role in ""Pupper Stops to Catch Snow Before Resuming Shadow Box with Dried Apple."" 13/10 (IG: didodoggo) ",https://twitter.com/dog_rates/status/817777686764523521/video/1,13.0,10.0,Dido,doggo,doggo
813910438903693312,2016-12-28 00:52:25+00:00,Twitter for iPhone,This is Chubbs. He dug a hole and now he's stuck in it. Dang h*ckin doggo. 11/10 would assist ,https://twitter.com/dog_rates/status/813910438903693312/photo/1,11.0,10.0,Chubbs,doggo,doggo
813202720496779264,2016-12-26 02:00:11+00:00,Twitter for iPhone,Here's a doggo who has concluded that Christmas is entirely too bright. Requests you tone it down a notch. 11/10 ,https://twitter.com/dog_rates/status/813202720496779264/photo/1,11.0,10.0,None,doggo,doggo
813127251579564032,2016-12-25 21:00:18+00:00,Twitter for iPhone,Here's an anonymous doggo that appears to be very done with Christmas. 11/10 cheer up pup ,"https://twitter.com/dog_rates/status/813127251579564032/photo/1,https://twitter.com/dog_rates/status/813127251579564032/photo/1",11.0,10.0,None,doggo,doggo
813096984823349248,2016-12-25 19:00:02+00:00,Twitter for iPhone,This is Rocky. He got triple-doggo-dared. Stuck af. 11/10 someone help him ,https://twitter.com/dog_rates/status/813096984823349248/photo/1,11.0,10.0,Rocky,doggo,doggo
808106460588765185,2016-12-12 00:29:28+00:00,Twitter for iPhone,Here we have Burke (pupper) and Dexter (doggo). Pupper wants to be exactly like doggo. Both 12/10 would pet at same time ,https://twitter.com/dog_rates/status/808106460588765185/photo/1,12.0,10.0,None,doggo,doggo
801115127852503040,2016-11-22 17:28:25+00:00,Twitter for iPhone,This is Bones. He's being haunted by another doggo of roughly the same size. 12/10 deep breaths pupper everything's fine ,"https://twitter.com/dog_rates/status/801115127852503040/photo/1,https://twitter.com/dog_rates/status/801115127852503040/photo/1",12.0,10.0,Bones,doggo,doggo
800018252395122689,2016-11-19 16:49:49+00:00,Twitter for iPhone,Here's a doggo doin a struggle. 11/10 much determined ,https://twitter.com/dog_rates/status/800018252395122689/video/1,11.0,10.0,None,doggo,doggo
799757965289017345,2016-11-18 23:35:32+00:00,Twitter for iPhone,This is Sobe. She's a h*ckin happy doggo. Only one leg tho. Must have good balance. 13/10 would smile back ,"https://twitter.com/dog_rates/status/799757965289017345/photo/1,https://twitter.com/dog_rates/status/799757965289017345/photo/1,https://twitter.com/dog_rates/status/799757965289017345/photo/1,https://twitter.com/dog_rates/status/799757965289017345/photo/1",13.0,10.0,Sobe,doggo,doggo
796484825502875648,2016-11-09 22:49:15+00:00,Twitter for iPhone,Here's a sleepy doggo that requested some assistance. 12/10 would carry everywhere ,https://twitter.com/dog_rates/status/796484825502875648/photo/1,12.0,10.0,None,doggo,doggo
795464331001561088,2016-11-07 03:14:10+00:00,Twitter for iPhone,Elder doggo does a splash. Both 13/10 incredible stuff ,https://twitter.com/dog_rates/status/795464331001561088/video/1,13.0,10.0,None,doggo,doggo
786363235746385920,2016-10-13 00:29:39+00:00,Twitter for iPhone,This is Rizzo. He has many talents. A true renaissance doggo. 13/10 entertaining af ,"https://twitter.com/dog_rates/status/786363235746385920/photo/1,https://twitter.com/dog_rates/status/786363235746385920/photo/1,https://twitter.com/dog_rates/status/786363235746385920/photo/1,https://twitter.com/dog_rates/status/786363235746385920/photo/1",13.0,10.0,Rizzo,doggo,doggo
785639753186217984,2016-10-11 00:34:48+00:00,Twitter for iPhone,This is Pinot. He's a sophisticated doggo. You can tell by the hat. Also pointier than your average pupper. Still 10/10 would pet cautiously ,"https://twitter.com/dog_rates/status/785639753186217984/photo/1,https://twitter.com/dog_rates/status/785639753186217984/photo/1",10.0,10.0,Pinot,doggo,doggo
782747134529531904,2016-10-03 01:00:34+00:00,Twitter for iPhone,This is Deacon. He's the happiest almost dry doggo I've ever seen. 11/10 would smile back ,https://twitter.com/dog_rates/status/782747134529531904/photo/1,11.0,10.0,Deacon,doggo,doggo
782305867769217024,2016-10-01 19:47:08+00:00,Twitter for iPhone,This is Sampson. He just graduated. Ready to be a doggo now. Time for the real world. 12/10 have fun with taxes ,"https://twitter.com/dog_rates/status/782305867769217024/photo/1,https://twitter.com/dog_rates/status/782305867769217024/photo/1,https://twitter.com/dog_rates/status/782305867769217024/photo/1",12.0,10.0,Sampson,doggo,doggo
781655249211752448,2016-09-30 00:41:48+00:00,Vine - Make a Scene,This is Combo. The daily struggles of being a doggo have finally caught up with him. 11/10 ,https://vine.co/v/5rt6T3qm7hL,11.0,10.0,Combo,doggo,doggo
781308096455073793,2016-09-29 01:42:20+00:00,Vine - Make a Scene,"Pupper butt 1, Doggo 0. Both 12/10 ",https://vine.co/v/5rgu2Law2ut,12.0,10.0,None,doggo,doggo
780074436359819264,2016-09-25 16:00:13+00:00,Vine - Make a Scene,Here's a doggo questioning his entire existence. 10/10 someone tell him he's a good boy  ,https://vine.co/v/5nzYBpl0TY2,10.0,10.0,None,doggo,doggo
775733305207554048,2016-09-13 16:30:07+00:00,Twitter for iPhone,This is Anakin. He strives to reach his full doggo potential. Born with blurry tail tho. 11/10 would still pet well ,https://twitter.com/dog_rates/status/775733305207554048/photo/1,11.0,10.0,Anakin,doggo,doggo
775364825476165632,2016-09-12 16:05:54+00:00,Twitter for iPhone,This is Finley. He's an independent doggo still adjusting to life on his own. 11/10 ,"https://twitter.com/dog_rates/status/775364825476165632/photo/1,https://twitter.com/dog_rates/status/775364825476165632/photo/1,https://twitter.com/dog_rates/status/775364825476165632/photo/1,https://twitter.com/dog_rates/status/775364825476165632/photo/1",11.0,10.0,Finley,doggo,doggo
771908950375665664,2016-09-03 03:13:29+00:00,Twitter for iPhone,"Doggo will persevere. 13/10
",https://twitter.com/yahoonews/status/771905568600719360,13.0,10.0,None,doggo,doggo
768193404517830656,2016-08-23 21:09:14+00:00,Twitter for iPhone,Meet Gerald. He's a fairly exotic doggo. Floofy af. Inadequate knees tho. Self conscious about large forehead. 8/10 ,https://twitter.com/dog_rates/status/768193404517830656/photo/1,8.0,10.0,Gerald,doggo,doggo
767191397493538821,2016-08-21 02:47:37+00:00,Twitter for iPhone,I don't know any of the backstory behind this picture but for some reason I'm crying. 13/10 for owner and doggo ,https://twitter.com/dog_rates/status/767191397493538821/photo/1,13.0,10.0,None,doggo,doggo
760893934457552897,2016-08-03 17:43:45+00:00,Twitter for iPhone,This is Wishes. He has the day off. Daily struggles of being a doggo have finally caught up with him. 11/10 ,https://twitter.com/dog_rates/status/760893934457552897/photo/1,11.0,10.0,Wishes,doggo,doggo
760521673607086080,2016-08-02 17:04:31+00:00,Vine - Make a Scene,"Doggo want what doggo cannot have. Temptation strong, dog stronger. 12/10  ",https://vine.co/v/5ApKetxzmTB,12.0,10.0,None,doggo,doggo
759793422261743616,2016-07-31 16:50:42+00:00,Twitter for iPhone,"Meet Maggie &amp; Lila. Maggie is the doggo, Lila is the pupper. They are sisters. Both 12/10 would pet at the same time ","https://twitter.com/dog_rates/status/759793422261743616/photo/1,https://twitter.com/dog_rates/status/759793422261743616/photo/1",12.0,10.0,Maggie,doggo,doggo
758828659922702336,2016-07-29 00:57:05+00:00,Twitter for iPhone,This doggo is just waiting for someone to be proud of her and her accomplishment. 13/10 legendary af ,https://twitter.com/dog_rates/status/758828659922702336/photo/1,13.0,10.0,None,doggo,doggo
757393109802180609,2016-07-25 01:52:43+00:00,Twitter for iPhone,Here's a doggo completely oblivious to the double rainbow behind him. 10/10 someone tell him ,"https://twitter.com/dog_rates/status/757393109802180609/photo/1,https://twitter.com/dog_rates/status/757393109802180609/photo/1,https://twitter.com/dog_rates/status/757393109802180609/photo/1,https://twitter.com/dog_rates/status/757393109802180609/photo/1",10.0,10.0,None,doggo,doggo
756526248105566208,2016-07-22 16:28:07+00:00,Twitter for iPhone,All hail sky doggo. 13/10 would jump super high to pet ,https://twitter.com/dog_rates/status/756526248105566208/photo/1,13.0,10.0,None,doggo,doggo
755206590534418437,2016-07-19 01:04:16+00:00,Twitter for iPhone,This is one of the most inspirational stories I've ever come across. I have no words. 14/10 for both doggo and owner ,"https://twitter.com/dog_rates/status/755206590534418437/photo/1,https://twitter.com/dog_rates/status/755206590534418437/photo/1,https://twitter.com/dog_rates/status/755206590534418437/photo/1,https://twitter.com/dog_rates/status/755206590534418437/photo/1",14.0,10.0,one,doggo,doggo
752682090207055872,2016-07-12 01:52:49+00:00,Twitter for iPhone,Nothing better than a doggo and a sunset. 10/10 majestic af ,"https://twitter.com/dog_rates/status/752682090207055872/photo/1,https://twitter.com/dog_rates/status/752682090207055872/photo/1",10.0,10.0,None,doggo,doggo
752660715232722944,2016-07-12 00:27:52+00:00,Twitter for iPhone,"Hooman used Pokeball
*wiggle*
*wiggle*
Doggo broke free 
10/10 ","https://twitter.com/dog_rates/status/752660715232722944/photo/1,https://twitter.com/dog_rates/status/752660715232722944/photo/1",10.0,10.0,None,doggo,doggo
752334515931054080,2016-07-11 02:51:40+00:00,Twitter for iPhone,Here's a doggo trying to catch some fish. 8/10 futile af (vid by @KellyBauerx) ,https://twitter.com/dog_rates/status/752334515931054080/video/1,8.0,10.0,None,doggo,doggo
751583847268179968,2016-07-09 01:08:47+00:00,Twitter for iPhone,Please stop sending it pictures that don't even have a doggo or pupper in them. Churlish af. 5/10 neat couch tho ,https://twitter.com/dog_rates/status/751583847268179968/photo/1,5.0,10.0,None,doggo,doggo
750011400160841729,2016-07-04 17:00:26+00:00,TweetDeck,Meet Piper. She's an airport doggo. Please return your tray table to its full pupright and locked position. 11/10 ,https://twitter.com/dog_rates/status/750011400160841729/photo/1,11.0,10.0,Piper,doggo,doggo
749075273010798592,2016-07-02 03:00:36+00:00,Vine - Make a Scene,This is Boomer. He's self-baptizing. Other doggo not ready to renounce sins. 11/10 spiritually awakened af ,https://vine.co/v/5ztZvHgI17r,11.0,10.0,Boomer,doggo,doggo
748932637671223296,2016-07-01 17:33:49+00:00,Twitter for iPhone,Say hello to Divine Doggo. Must be magical af. 13/10 would be an honor to pet ,https://twitter.com/dog_rates/status/748932637671223296/photo/1,13.0,10.0,Divine,doggo,doggo
748692773788876800,2016-07-01 01:40:41+00:00,Twitter for iPhone,That is Quizno. This is his beach. He does not tolerate human shenanigans on his beach. 10/10 reclaim ur land doggo ,https://twitter.com/dog_rates/status/748692773788876800/photo/1,10.0,10.0,his,doggo,doggo
745433870967832576,2016-06-22 01:50:58+00:00,Twitter for iPhone,This is Lenox. She's in a wheelbarrow. Silly doggo. You don't belong there. 10/10 would push around ,"https://twitter.com/dog_rates/status/745433870967832576/photo/1,https://twitter.com/dog_rates/status/745433870967832576/photo/1,https://twitter.com/dog_rates/status/745433870967832576/photo/1",10.0,10.0,Lenox,doggo,doggo
744234799360020481,2016-06-18 18:26:18+00:00,Twitter for iPhone,Here's a doggo realizing you can stand in a pool. 13/10 enlightened af (vid by Tina Conrad) ,https://twitter.com/dog_rates/status/744234799360020481/video/1,13.0,10.0,None,doggo,doggo
742534281772302336,2016-06-14 01:49:03+00:00,Vine - Make a Scene,"For anyone who's wondering, this is what happens after a doggo catches it's tail... 11/10 ",https://vine.co/v/iLTZmtE1FTB,11.0,10.0,None,doggo,doggo
741067306818797568,2016-06-10 00:39:48+00:00,Twitter for iPhone,This is just downright precious af. 12/10 for both pupper and doggo ,https://twitter.com/dog_rates/status/741067306818797568/photo/1,12.0,10.0,just,doggo,doggo
739623569819336705,2016-06-06 01:02:55+00:00,Vine - Make a Scene,Here's a doggo that don't need no human. 12/10 independent af (vid by @MichelleLiuCee) ,https://vine.co/v/iY9Fr1I31U6,12.0,10.0,None,doggo,doggo
739238157791694849,2016-06-04 23:31:25+00:00,Twitter for iPhone,Here's a doggo blowing bubbles. It's downright legendary. 13/10 would watch on repeat forever (vid by Kent Duryee) ,https://twitter.com/dog_rates/status/739238157791694849/video/1,13.0,10.0,None,doggo,doggo
735256018284875776,2016-05-24 23:47:49+00:00,Twitter for iPhone,This is Kellogg. He accidentally opened the front facing camera. 8/10 get it together doggo ,https://twitter.com/dog_rates/status/735256018284875776/photo/1,8.0,10.0,Kellogg,doggo,doggo
733109485275860992,2016-05-19 01:38:16+00:00,Twitter for iPhone,"Like father (doggo), like son (pupper). Both 12/10 ",https://twitter.com/dog_rates/status/733109485275860992/photo/1,12.0,10.0,None,doggo,doggo
732375214819057664,2016-05-17 01:00:32+00:00,Twitter for iPhone,This is Kyle (pronounced 'Mitch'). He strives to be the best doggo he can be. 11/10 would pat on head approvingly ,https://twitter.com/dog_rates/status/732375214819057664/photo/1,11.0,10.0,Kyle,doggo,doggo
727644517743104000,2016-05-03 23:42:26+00:00,Twitter for iPhone,Here's a doggo struggling to cope with the winds. 13/10 ,"https://twitter.com/dog_rates/status/727644517743104000/photo/1,https://twitter.com/dog_rates/status/727644517743104000/photo/1",13.0,10.0,None,doggo,doggo
724771698126512129,2016-04-26 01:26:53+00:00,Twitter for iPhone,Nothin better than a doggo and a sunset. 11/10 ,"https://twitter.com/dog_rates/status/724771698126512129/photo/1,https://twitter.com/dog_rates/status/724771698126512129/photo/1,https://twitter.com/dog_rates/status/724771698126512129/photo/1,https://twitter.com/dog_rates/status/724771698126512129/photo/1",11.0,10.0,None,doggo,doggo
719991154352222208,2016-04-12 20:50:42+00:00,Twitter for iPhone,This doggo was initially thrilled when she saw the happy cartoon pup but quickly realized she'd been deceived. 10/10 ,"https://twitter.com/dog_rates/status/719991154352222208/photo/1,https://twitter.com/dog_rates/status/719991154352222208/photo/1",10.0,10.0,None,doggo,doggo
716080869887381504,2016-04-02 01:52:38+00:00,Twitter for iPhone,Here's a super majestic doggo and a sunset 11/10 ,"https://twitter.com/dog_rates/status/716080869887381504/photo/1,https://twitter.com/dog_rates/status/716080869887381504/photo/1",11.0,10.0,None,doggo,doggo
883360690899218434,2017-07-07 16:22:55+00:00,Twitter for iPhone,Meet Grizzwald. He may be the floofiest floofer I ever did see. Lost eyes saving a schoolbus from a volcano erpuption. 13/10 heroic as h*ck ,https://twitter.com/dog_rates/status/883360690899218434/photo/1,13.0,10.0,Grizzwald,floofer,floofer
854010172552949760,2017-04-17 16:34:26+00:00,Twitter for iPhone,"At first I thought this was a shy doggo, but it's actually a Rare Canadian Floofer Owl. Amateurs would confuse the two. 11/10 only send dogs ","https://twitter.com/dog_rates/status/854010172552949760/photo/1,https://twitter.com/dog_rates/status/854010172552949760/photo/1",11.0,10.0,None,floofer,floofer
800388270626521089,2016-11-20 17:20:08+00:00,Twitter for iPhone,This is Doc. He takes time out of every day to worship our plant overlords. 12/10 quite the floofer ,"https://twitter.com/dog_rates/status/800388270626521089/photo/1,https://twitter.com/dog_rates/status/800388270626521089/photo/1,https://twitter.com/dog_rates/status/800388270626521089/photo/1",12.0,10.0,Doc,floofer,floofer
776218204058357768,2016-09-15 00:36:55+00:00,Twitter for iPhone,Atlas rolled around in some chalk and now he's a magical rainbow floofer. 13/10 please never take a bath ,"https://twitter.com/dog_rates/status/776218204058357768/photo/1,https://twitter.com/dog_rates/status/776218204058357768/photo/1,https://twitter.com/dog_rates/status/776218204058357768/photo/1",13.0,10.0,None,floofer,floofer
749317047558017024,2016-07-02 19:01:20+00:00,Twitter for iPhone,This is Blu. He's a wild bush Floofer. I wish anything made me as happy as bushes make Blu. 12/10 would frolic with ,https://twitter.com/dog_rates/status/749317047558017024/video/1,12.0,10.0,Blu,floofer,floofer
746542875601690625,2016-06-25 03:17:46+00:00,Vine - Make a Scene,Here's a golden floofer helping with the groceries. Bed got in way. Still 11/10 helpful af (vid by @categoen) ,https://vine.co/v/5uZYwqmuDeT,11.0,10.0,None,floofer,floofer
737445876994609152,2016-05-31 00:49:32+00:00,Twitter for iPhone,Just wanted to share this super rare Rainbow Floofer in case you guys haven't seen it yet. 13/10 colorful af ,https://twitter.com/dog_rates/status/737445876994609152/photo/1,13.0,10.0,None,floofer,floofer
733822306246479872,2016-05-21 00:50:46+00:00,Twitter for iPhone,This is Moose. He's a Polynesian Floofer. Dapper af. 10/10 would pet diligently ,https://twitter.com/dog_rates/status/733822306246479872/photo/1,10.0,10.0,Moose,floofer,floofer
689993469801164801,2016-01-21 02:10:37+00:00,Vine - Make a Scene,Here we are witnessing a rare High Stepping Alaskan Floofer. 12/10 dangerously petable (vid by @TheMrsNux) ,https://vine.co/v/ienexVMZgi5,12.0,10.0,None,floofer,floofer
685307451701334016,2016-01-08 03:50:03+00:00,Twitter for iPhone,Say hello to Petrick. He's an Altostratus Floofer. Just had a run in with a trash bag. Groovy checkered floor. 11/10 ,https://twitter.com/dog_rates/status/685307451701334016/photo/1,11.0,10.0,Petrick,floofer,floofer
886366144734445568,2017-07-15 23:25:31+00:00,Twitter for iPhone,This is Roscoe. Another pupper fallen victim to spontaneous tongue ejections. Get the BlepiPen immediate. 12/10 deep breaths Roscoe ,"https://twitter.com/dog_rates/status/886366144734445568/photo/1,https://twitter.com/dog_rates/status/886366144734445568/photo/1",12.0,10.0,Roscoe,pupper,pupper
882762694511734784,2017-07-06 00:46:41+00:00,Twitter for iPhone,This is Gus. He's quite the cheeky pupper. Already perfected the disinterested wink. 12/10 would let steal my girl ,https://twitter.com/dog_rates/status/882762694511734784/photo/1,12.0,10.0,Gus,pupper,pupper
881536004380872706,2017-07-02 15:32:16+00:00,Twitter for iPhone,"Here is a pupper approaching maximum borkdrive. Zooming at never before seen speeds. 14/10 paw-inspiring af 
(IG: puffie_the_chow) ",https://twitter.com/dog_rates/status/881536004380872706/video/1,14.0,10.0,a,pupper,pupper
876838120628539392,2017-06-19 16:24:33+00:00,Twitter for iPhone,This is Ginger. She's having a ruff Monday. Too many pupper things going on. H*ckin exhausting. 12/10 would snug passionately ,"https://twitter.com/dog_rates/status/876838120628539392/photo/1,https://twitter.com/dog_rates/status/876838120628539392/photo/1",12.0,10.0,Ginger,pupper,pupper
874296783580663808,2017-06-12 16:06:11+00:00,Twitter for iPhone,This is Jed. He may be the fanciest pupper in the game right now. Knows it too. 13/10 would sign modeling contract ,https://twitter.com/dog_rates/status/874296783580663808/photo/1,13.0,10.0,Jed,pupper,pupper
873213775632977920,2017-06-09 16:22:42+00:00,Twitter for iPhone,"This is Sierra. She's one precious pupper. Absolute 12/10. Been in and out of ICU her whole life. Help Sierra below

","https://www.gofundme.com/help-my-baby-sierra-get-better,https://twitter.com/dog_rates/status/873213775632977920/photo/1,https://twitter.com/dog_rates/status/873213775632977920/photo/1",12.0,10.0,Sierra,pupper,pupper
871762521631449091,2017-06-05 16:15:56+00:00,Twitter for iPhone,This is Rover. As part of pupper protocol he had to at least attempt to eat the plant. Confirmed not tasty. Needs peanut butter. 12/10 ,"https://twitter.com/dog_rates/status/871762521631449091/photo/1,https://twitter.com/dog_rates/status/871762521631449091/photo/1,https://twitter.com/dog_rates/status/871762521631449091/photo/1",12.0,10.0,Rover,pupper,pupper
866450705531457537,2017-05-22 00:28:40+00:00,Twitter for iPhone,"This is Jamesy. He gives a kiss to every other pupper he sees on his walk. 13/10 such passion, much tender ","https://twitter.com/dog_rates/status/866450705531457537/photo/1,https://twitter.com/dog_rates/status/866450705531457537/photo/1",13.0,10.0,Jamesy,pupper,pupper
854120357044912130,2017-04-17 23:52:16+00:00,Twitter for iPhone,Sometimes you guys remind me just how impactful a pupper can be. Cooper will be remembered as a good boy by so many. 14/10 rest easy friend ,"https://twitter.com/dog_rates/status/854120357044912130/photo/1,https://twitter.com/dog_rates/status/854120357044912130/photo/1,https://twitter.com/dog_rates/status/854120357044912130/photo/1,https://twitter.com/dog_rates/status/854120357044912130/photo/1",14.0,10.0,None,pupper,pupper
850019790995546112,2017-04-06 16:18:05+00:00,Twitter for iPhone,Say hello to Boomer. He's a sandy pupper. Having a h*ckin blast. 12/10 would pet passionately ,"https://twitter.com/dog_rates/status/850019790995546112/photo/1,https://twitter.com/dog_rates/status/850019790995546112/photo/1,https://twitter.com/dog_rates/status/850019790995546112/photo/1",12.0,10.0,Boomer,pupper,pupper
845306882940190720,2017-03-24 16:10:40+00:00,Twitter for iPhone,This is Pickles. She's a silly pupper. Thinks she's a dish. 12/10 would dry ,https://twitter.com/dog_rates/status/845306882940190720/photo/1,12.0,10.0,Pickles,pupper,pupper
837820167694528512,2017-03-04 00:21:08+00:00,Twitter for iPhone,"Here's a pupper before and after being asked ""who's a good girl?"" Unsure as h*ck. 12/10 hint hint it's you ","https://twitter.com/dog_rates/status/837820167694528512/photo/1,https://twitter.com/dog_rates/status/837820167694528512/photo/1",12.0,10.0,None,pupper,pupper
837110210464448512,2017-03-02 01:20:01+00:00,Twitter for iPhone,This is Clark. He passed pupper training today. Round of appaws for Clark. 13/10 ,https://twitter.com/dog_rates/status/837110210464448512/photo/1,13.0,10.0,Clark,pupper,pupper
836380477523124226,2017-02-28 01:00:19+00:00,Twitter for iPhone,"This is Ava. She just blasted off. Streamline af. Aerodynamic as h*ck. One small step for pupper, one giant leap for pupkind. 12/10 ",https://twitter.com/dog_rates/status/836380477523124226/photo/1,12.0,10.0,Ava,pupper,pupper
833124694597443584,2017-02-19 01:23:00+00:00,Twitter for iPhone,This is Gidget. She's a spy pupper. Stealthy as h*ck. Must've slipped pup and got caught. 12/10 would forgive then pet ,"https://twitter.com/dog_rates/status/833124694597443584/photo/1,https://twitter.com/dog_rates/status/833124694597443584/photo/1,https://twitter.com/dog_rates/status/833124694597443584/photo/1",12.0,10.0,Gidget,pupper,pupper
831315979191906304,2017-02-14 01:35:49+00:00,Twitter Web Client,I couldn't make it to the #WKCDogShow BUT I have people there on the ground relaying me the finest pupper pics possible. 13/10 for all ,"https://twitter.com/dog_rates/status/831315979191906304/photo/1,https://twitter.com/dog_rates/status/831315979191906304/photo/1,https://twitter.com/dog_rates/status/831315979191906304/photo/1,https://twitter.com/dog_rates/status/831315979191906304/photo/1",13.0,10.0,None,pupper,pupper
827933404142436356,2017-02-04 17:34:40+00:00,Twitter for iPhone,This is Kona. Yesterday she stopped by the department to see what it takes to be a police pupper. 12/10 vest was only a smidge too big ,"https://twitter.com/dog_rates/status/827933404142436356/photo/1,https://twitter.com/dog_rates/status/827933404142436356/photo/1,https://twitter.com/dog_rates/status/827933404142436356/photo/1",12.0,10.0,Kona,pupper,pupper
824325613288833024,2017-01-25 18:38:36+00:00,Twitter for iPhone,Retweet the h*ck out of this 13/10 pupper #BellLetsTalk ,https://twitter.com/dog_rates/status/824325613288833024/photo/1,13.0,10.0,None,pupper,pupper
822462944365645825,2017-01-20 15:17:01+00:00,Twitter for iPhone,"This is Gabe. He was the unequivocal embodiment of a dream meme, but also one h*ck of a pupper. You will be missed by so many. 14/10 RIP ","https://twitter.com/dog_rates/status/822462944365645825/photo/1,https://twitter.com/dog_rates/status/822462944365645825/photo/1,https://twitter.com/dog_rates/status/822462944365645825/photo/1,https://twitter.com/dog_rates/status/822462944365645825/photo/1",14.0,10.0,Gabe,pupper,pupper
819238181065359361,2017-01-11 17:42:57+00:00,Twitter Web Client,"Some happy pupper news to share. 10/10 for everyone involved 
",http://us.blastingnews.com/news/2017/01/200-dogs-saved-from-south-korean-dog-meat-industry-001385441.html?sbdht=_pM1QUzk3wsfscF9XF2WEd9KoWDpsQlMUjfh1HxxUq0u5mMbiu2B0kw2_,10.0,10.0,None,pupper,pupper
817777686764523521,2017-01-07 16:59:28+00:00,Twitter for iPhone,"This is Dido. She's playing the lead role in ""Pupper Stops to Catch Snow Before Resuming Shadow Box with Dried Apple."" 13/10 (IG: didodoggo) ",https://twitter.com/dog_rates/status/817777686764523521/video/1,13.0,10.0,Dido,pupper,pupper
815966073409433600,2017-01-02 17:00:46+00:00,Twitter for iPhone,Here's a pupper with squeaky hiccups. Please enjoy. 13/10 ,https://twitter.com/dog_rates/status/815966073409433600/video/1,13.0,10.0,None,pupper,pupper
814986499976527872,2016-12-31 00:08:17+00:00,Twitter for iPhone,This is Cooper. Someone attacked him with a sharpie. Poor pupper. 11/10 nifty tongue slip tho ,https://twitter.com/dog_rates/status/814986499976527872/photo/1,11.0,10.0,Cooper,pupper,pupper
811386762094317568,2016-12-21 01:44:13+00:00,Twitter for iPhone,This is Craig. That's actually a normal sized fence he's stuck on. H*ckin massive pupper. 11/10 someone help him ,https://twitter.com/dog_rates/status/811386762094317568/photo/1,11.0,10.0,Craig,pupper,pupper
808733504066486276,2016-12-13 18:01:07+00:00,Twitter for iPhone,Here's a pupper in a onesie. Quite pupset about it. Currently plotting revenge. 12/10 would rescue ,https://twitter.com/dog_rates/status/808733504066486276/photo/1,12.0,10.0,None,pupper,pupper
808106460588765185,2016-12-12 00:29:28+00:00,Twitter for iPhone,Here we have Burke (pupper) and Dexter (doggo). Pupper wants to be exactly like doggo. Both 12/10 would pet at same time ,https://twitter.com/dog_rates/status/808106460588765185/photo/1,12.0,10.0,None,pupper,pupper
807621403335917568,2016-12-10 16:22:02+00:00,Twitter for iPhone,This is Ollie Vue. He was a 3 legged pupper on a mission to overcome everything. This is very hard to write. 14/10 we will miss you Ollie ,"https://twitter.com/dog_rates/status/807621403335917568/photo/1,https://twitter.com/dog_rates/status/807621403335917568/photo/1,https://twitter.com/dog_rates/status/807621403335917568/photo/1,https://twitter.com/dog_rates/status/807621403335917568/photo/1",14.0,10.0,Ollie,pupper,pupper
803638050916102144,2016-11-29 16:33:36+00:00,Twitter for iPhone,Pupper hath acquire enemy. 13/10 ,https://twitter.com/dog_rates/status/803638050916102144/video/1,13.0,10.0,None,pupper,pupper
801115127852503040,2016-11-22 17:28:25+00:00,Twitter for iPhone,This is Bones. He's being haunted by another doggo of roughly the same size. 12/10 deep breaths pupper everything's fine ,"https://twitter.com/dog_rates/status/801115127852503040/photo/1,https://twitter.com/dog_rates/status/801115127852503040/photo/1",12.0,10.0,Bones,pupper,pupper
800459316964663297,2016-11-20 22:02:27+00:00,Twitter for iPhone,Here's a very sleepy pupper. Appears to be portable as h*ck. 12/10 would snug intensely ,https://twitter.com/dog_rates/status/800459316964663297/photo/1,12.0,10.0,None,pupper,pupper
797971864723324932,2016-11-14 01:18:12+00:00,Twitter for iPhone,Here's a helicopter pupper. He takes off at random. H*ckin hard to control. 12/10 rare af ,"https://twitter.com/dog_rates/status/797971864723324932/photo/1,https://twitter.com/dog_rates/status/797971864723324932/photo/1",12.0,10.0,None,pupper,pupper
794205286408003585,2016-11-03 15:51:10+00:00,Twitter for iPhone,This is Laika. She was a space pupper. The first space pupper actually. Orbited earth like a h*ckin boss. 14/10 hero af ,"https://twitter.com/dog_rates/status/794205286408003585/photo/1,https://twitter.com/dog_rates/status/794205286408003585/photo/1,https://twitter.com/dog_rates/status/794205286408003585/photo/1",14.0,10.0,Laika,pupper,pupper
789903600034189313,2016-10-22 18:57:48+00:00,Vine - Make a Scene,This is Ralphy. His dreams were just shattered. Poor pupper. 13/10 it'll be ok Ralphy ,https://vine.co/v/5wPT1aBxPQZ,13.0,10.0,Ralphy,pupper,pupper
785639753186217984,2016-10-11 00:34:48+00:00,Twitter for iPhone,This is Pinot. He's a sophisticated doggo. You can tell by the hat. Also pointier than your average pupper. Still 10/10 would pet cautiously ,"https://twitter.com/dog_rates/status/785639753186217984/photo/1,https://twitter.com/dog_rates/status/785639753186217984/photo/1",10.0,10.0,Pinot,pupper,pupper
781308096455073793,2016-09-29 01:42:20+00:00,Vine - Make a Scene,"Pupper butt 1, Doggo 0. Both 12/10 ",https://vine.co/v/5rgu2Law2ut,12.0,10.0,None,pupper,pupper
779377524342161408,2016-09-23 17:50:56+00:00,Twitter for iPhone,Have you ever seen such a smol pupper? Portable af. 12/10 would keep in shirt pocket ,https://twitter.com/dog_rates/status/779377524342161408/video/1,12.0,10.0,None,pupper,pupper
778039087836069888,2016-09-20 01:12:28+00:00,Twitter for iPhone,Evolution of a pupper yawn featuring Max. 12/10 groundbreaking stuff ,"https://twitter.com/dog_rates/status/778039087836069888/photo/1,https://twitter.com/dog_rates/status/778039087836069888/photo/1,https://twitter.com/dog_rates/status/778039087836069888/photo/1,https://twitter.com/dog_rates/status/778039087836069888/photo/1",12.0,10.0,None,pupper,pupper
778027034220126208,2016-09-20 00:24:34+00:00,Twitter for iPhone,This is Sophie. She's a Jubilant Bush Pupper. Super h*ckin rare. Appears at random just to smile at the locals. 11.27/10 would smile back ,https://twitter.com/dog_rates/status/778027034220126208/photo/1,11.27,10.0,Sophie,pupper,pupper
776477788987613185,2016-09-15 17:48:25+00:00,Twitter for iPhone,This is Huck. He's addicted to caffeine. Hope it's not too latte to seek help. 11/10 stay strong pupper ,"https://twitter.com/dog_rates/status/776477788987613185/photo/1,https://twitter.com/dog_rates/status/776477788987613185/photo/1",11.0,10.0,Huck,pupper,pupper
776113305656188928,2016-09-14 17:40:06+00:00,Twitter for iPhone,This is Sampson. He's about to get hit with a vicious draw 2. Has no idea. 11/10 poor pupper ,https://twitter.com/dog_rates/status/776113305656188928/photo/1,11.0,10.0,Sampson,pupper,pupper
773985732834758656,2016-09-08 20:45:53+00:00,Twitter for iPhone,Meet Winnie. She just made awkward eye contact with the driver beside her. Poor pupper panicked. 11/10 would comfort ,"https://twitter.com/dog_rates/status/773985732834758656/photo/1,https://twitter.com/dog_rates/status/773985732834758656/photo/1,https://twitter.com/dog_rates/status/773985732834758656/photo/1,https://twitter.com/dog_rates/status/773985732834758656/photo/1",11.0,10.0,Winnie,pupper,pupper
773547596996571136,2016-09-07 15:44:53+00:00,Twitter for iPhone,This is Chelsea. She forgot how to dog. 11/10 get it together pupper ,https://twitter.com/dog_rates/status/773547596996571136/photo/1,11.0,10.0,Chelsea,pupper,pupper
772193107915964416,2016-09-03 22:02:38+00:00,Twitter for iPhone,This is Willem. He's a Penn State pupper. Thinks the hood makes him more intimidating. It doesn't. 12/10 ,https://twitter.com/dog_rates/status/772193107915964416/photo/1,12.0,10.0,Willem,pupper,pupper
765371061932261376,2016-08-16 02:14:15+00:00,Twitter for iPhone,This is Louie. He's had a long day. Did a lot of pupper things. Also appears to be rather heckin pettable. 11/10 ,"https://twitter.com/dog_rates/status/765371061932261376/photo/1,https://twitter.com/dog_rates/status/765371061932261376/photo/1",11.0,10.0,Louie,pupper,pupper
759943073749200896,2016-08-01 02:45:22+00:00,Vine - Make a Scene,Here's a wicked fast pupper. 12/10 camera could barely keep pup ,https://vine.co/v/5AJm5pq7Kav,12.0,10.0,None,pupper,pupper
759793422261743616,2016-07-31 16:50:42+00:00,Twitter for iPhone,"Meet Maggie &amp; Lila. Maggie is the doggo, Lila is the pupper. They are sisters. Both 12/10 would pet at the same time ","https://twitter.com/dog_rates/status/759793422261743616/photo/1,https://twitter.com/dog_rates/status/759793422261743616/photo/1",12.0,10.0,Maggie,pupper,pupper
756939218950160384,2016-07-23 19:49:07+00:00,Twitter for iPhone,This is Jax. He is a majestic mountain pupper. Thinks flat ground is for the weak. 12/10 would totally hike with ,https://twitter.com/dog_rates/status/756939218950160384/photo/1,12.0,10.0,Jax,pupper,pupper
755955933503782912,2016-07-21 02:41:54+00:00,Twitter for iPhone,Here's a frustrated pupper attempting to escape a pool of Frosted Flakes. 12/10 ,https://twitter.com/dog_rates/status/755955933503782912/video/1,12.0,10.0,None,pupper,pupper
751950017322246144,2016-07-10 01:23:49+00:00,Vine - Make a Scene,This is Lola. She's a surfing pupper. 13/10 magical af ,https://vine.co/v/5WrjaYAMvMO,13.0,10.0,Lola,pupper,pupper
751583847268179968,2016-07-09 01:08:47+00:00,Twitter for iPhone,Please stop sending it pictures that don't even have a doggo or pupper in them. Churlish af. 5/10 neat couch tho ,https://twitter.com/dog_rates/status/751583847268179968/photo/1,5.0,10.0,None,pupper,pupper
751456908746354688,2016-07-08 16:44:23+00:00,Twitter for iPhone,Here's a pupper that's very hungry but too lazy to get up and eat. 12/10 (vid by @RealDavidCortes) ,https://twitter.com/dog_rates/status/751456908746354688/video/1,12.0,10.0,None,pupper,pupper
750868782890057730,2016-07-07 01:47:22+00:00,Twitter for iPhone,Meet Milo. He hauled ass until he ran out of treadmill and then passed out from exhaustion. 11/10 sleep tight pupper ,"https://twitter.com/dog_rates/status/750868782890057730/photo/1,https://twitter.com/dog_rates/status/750868782890057730/photo/1,https://twitter.com/dog_rates/status/750868782890057730/photo/1,https://twitter.com/dog_rates/status/750868782890057730/photo/1",11.0,10.0,Milo,pupper,pupper
750506206503038976,2016-07-06 01:46:38+00:00,Twitter for iPhone,This is Malcolm. He's absolutely terrified of heights. 8/10 hang in there pupper ,https://twitter.com/dog_rates/status/750506206503038976/photo/1,8.0,10.0,Malcolm,pupper,pupper
750383411068534784,2016-07-05 17:38:41+00:00,Twitter for iPhone,This is Zoe. She was trying to stealthily take a picture of you but you just noticed. 9/10 not so sneaky pupper ,https://twitter.com/dog_rates/status/750383411068534784/photo/1,9.0,10.0,Zoe,pupper,pupper
750071704093859840,2016-07-04 21:00:04+00:00,Twitter for iPhone,Pause your cookout and admire this pupper's nifty hat. 10/10 ,"https://twitter.com/dog_rates/status/750071704093859840/photo/1,https://twitter.com/dog_rates/status/750071704093859840/photo/1,https://twitter.com/dog_rates/status/750071704093859840/photo/1",10.0,10.0,None,pupper,pupper
749417653287129088,2016-07-03 01:41:06+00:00,Twitter for iPhone,This is Finn. He's the most unphotogenic pupper of all time. 11/10 ,"https://twitter.com/dog_rates/status/749417653287129088/photo/1,https://twitter.com/dog_rates/status/749417653287129088/photo/1,https://twitter.com/dog_rates/status/749417653287129088/photo/1,https://twitter.com/dog_rates/status/749417653287129088/photo/1",11.0,10.0,Finn,pupper,pupper
748337862848962560,2016-06-30 02:10:24+00:00,Vine - Make a Scene,SWIM AWAY PUPPER SWIM AWAY 13/10 #BarkWeek  ,https://vine.co/v/h5aDaFthX6O,13.0,10.0,None,pupper,pupper
747963614829678593,2016-06-29 01:23:16+00:00,Twitter for iPhone,PUPPER NOOOOO BEHIND YOUUU 10/10 pls keep this pupper in your thoughts ,https://twitter.com/dog_rates/status/747963614829678593/photo/1,10.0,10.0,None,pupper,pupper
744223424764059648,2016-06-18 17:41:06+00:00,Twitter for iPhone,"This is actually a pupper and I'd pet it so well. 12/10
",https://twitter.com/strange_animals/status/672108316018024452,12.0,10.0,actually,pupper,pupper
743222593470234624,2016-06-15 23:24:09+00:00,Twitter for iPhone,This is a very rare Great Alaskan Bush Pupper. Hard to stumble upon without spooking. 12/10 would pet passionately ,https://twitter.com/dog_rates/status/743222593470234624/photo/1,12.0,10.0,a,pupper,pupper
742465774154047488,2016-06-13 21:16:49+00:00,Twitter for iPhone,"Was just informed about this hero pupper and others like her. Another 14/10, would be an absolute honor to pet ","https://twitter.com/dog_rates/status/742465774154047488/photo/1,https://twitter.com/dog_rates/status/742465774154047488/photo/1",14.0,10.0,None,pupper,pupper
742150209887731712,2016-06-13 00:22:53+00:00,Twitter for iPhone,This is Edmund. He sends stellar selfies. Cute af. 8/10 would totally snapchat with this pupper ,https://twitter.com/dog_rates/status/742150209887731712/photo/1,8.0,10.0,Edmund,pupper,pupper
741743634094141440,2016-06-11 21:27:17+00:00,Twitter for iPhone,Meet Aqua. She's a sandy pupper. Not sure how she feels about being so sandy. Radical tongue slip. 11/10 petable af ,"https://twitter.com/dog_rates/status/741743634094141440/photo/1,https://twitter.com/dog_rates/status/741743634094141440/photo/1,https://twitter.com/dog_rates/status/741743634094141440/photo/1",11.0,10.0,Aqua,pupper,pupper
741067306818797568,2016-06-10 00:39:48+00:00,Twitter for iPhone,This is just downright precious af. 12/10 for both pupper and doggo ,https://twitter.com/dog_rates/status/741067306818797568/photo/1,12.0,10.0,just,pupper,pupper
740676976021798912,2016-06-08 22:48:46+00:00,Twitter for iPhone,"Meet Baloo. He's expecting a fast ground ball, hence the wide stance. Prepared af. 11/10 nothing runs like a pupper ",https://twitter.com/dog_rates/status/740676976021798912/photo/1,11.0,10.0,Baloo,pupper,pupper
739606147276148736,2016-06-05 23:53:41+00:00,Twitter for iPhone,Meet Benji. He just turned 1. Has already given up on a traditional pupper physique. Just inhaled that thing. 9/10 ,"https://twitter.com/dog_rates/status/739606147276148736/photo/1,https://twitter.com/dog_rates/status/739606147276148736/photo/1,https://twitter.com/dog_rates/status/739606147276148736/photo/1",9.0,10.0,Benji,pupper,pupper
736392552031657984,2016-05-28 03:04:00+00:00,Vine - Make a Scene,Say hello to mad pupper. You know what you did. 13/10 would pet until no longer furustrated ,https://vine.co/v/iEggaEOiLO3,13.0,10.0,mad,pupper,pupper
736365877722001409,2016-05-28 01:18:00+00:00,Twitter for iPhone,This is Rory. He's extremely impatient. 11/10 settle down pupper ,"https://twitter.com/dog_rates/status/736365877722001409/photo/1,https://twitter.com/dog_rates/status/736365877722001409/photo/1,https://twitter.com/dog_rates/status/736365877722001409/photo/1,https://twitter.com/dog_rates/status/736365877722001409/photo/1",11.0,10.0,Rory,pupper,pupper
735648611367784448,2016-05-26 01:47:51+00:00,Twitter for iPhone,*faints* 12/10 perfection in pupper form ,https://twitter.com/dog_rates/status/735648611367784448/photo/1,12.0,10.0,None,pupper,pupper
735137028879360001,2016-05-24 15:55:00+00:00,Twitter for iPhone,Meet Buckley. His family &amp; some neighbors came over to watch him perform but he's nervous af. 9/10 u got this pupper ,https://twitter.com/dog_rates/status/735137028879360001/photo/1,9.0,10.0,Buckley,pupper,pupper
733109485275860992,2016-05-19 01:38:16+00:00,Twitter for iPhone,"Like father (doggo), like son (pupper). Both 12/10 ",https://twitter.com/dog_rates/status/733109485275860992/photo/1,12.0,10.0,None,pupper,pupper
730573383004487680,2016-05-12 01:40:42+00:00,Twitter for iPhone,This is Rooney. He can't comprehend glass. 10/10 it'll be ok pupper ,"https://twitter.com/dog_rates/status/730573383004487680/photo/1,https://twitter.com/dog_rates/status/730573383004487680/photo/1,https://twitter.com/dog_rates/status/730573383004487680/photo/1",10.0,10.0,Rooney,pupper,pupper
728035342121635841,2016-05-05 01:35:26+00:00,Twitter for iPhone,This is all I want in my life. 12/10 for super sleepy pupper ,"https://twitter.com/dog_rates/status/728035342121635841/photo/1,https://twitter.com/dog_rates/status/728035342121635841/photo/1",12.0,10.0,all,pupper,pupper
728015554473250816,2016-05-05 00:16:48+00:00,Twitter for iPhone,This is Rueben. He has reached ultimate pupper zen state. 11/10 tranquil af ,https://twitter.com/dog_rates/status/728015554473250816/photo/1,11.0,10.0,Rueben,pupper,pupper
727524757080539137,2016-05-03 15:46:33+00:00,Twitter for iPhone,This pupper had to undergo emergency haircut surgery so he could hear again. 10/10 miraculous af ,"https://twitter.com/dog_rates/status/727524757080539137/photo/1,https://twitter.com/dog_rates/status/727524757080539137/photo/1",10.0,10.0,None,pupper,pupper
727314416056803329,2016-05-03 01:50:44+00:00,Twitter for iPhone,This pupper was about to explain where that dirt came from but then decided against it. 11/10 ,"https://twitter.com/dog_rates/status/727314416056803329/photo/1,https://twitter.com/dog_rates/status/727314416056803329/photo/1,https://twitter.com/dog_rates/status/727314416056803329/photo/1",11.0,10.0,None,pupper,pupper
725786712245440512,2016-04-28 20:40:11+00:00,Twitter for iPhone,Say hello to Lillie. She's a Rutabagan Floofem. Poor pupper ate and then passed out. 11/10 relatable af ,https://twitter.com/dog_rates/status/725786712245440512/photo/1,11.0,10.0,Lillie,pupper,pupper
724405726123311104,2016-04-25 01:12:38+00:00,Twitter for iPhone,This is Ashleigh. She's having Coachella withdrawals. Didn't even go tho. 10/10 stay strong pupper ,https://twitter.com/dog_rates/status/724405726123311104/photo/1,10.0,10.0,Ashleigh,pupper,pupper
724004602748780546,2016-04-23 22:38:43+00:00,Twitter for iPhone,This is Luther. He saw a ghost. Spooked af. 11/10 hang in there pupper ,"https://twitter.com/dog_rates/status/724004602748780546/photo/1,https://twitter.com/dog_rates/status/724004602748780546/photo/1,https://twitter.com/dog_rates/status/724004602748780546/photo/1",11.0,10.0,Luther,pupper,pupper
721001180231503872,2016-04-15 15:44:11+00:00,Twitter for iPhone,This is Oliver. Bath time is upon him. His fear of the wetness postpones his ultimate pupper destiny. 11/10 ,https://twitter.com/dog_rates/status/721001180231503872/photo/1,11.0,10.0,Oliver,pupper,pupper
720340705894408192,2016-04-13 19:59:42+00:00,Twitter for iPhone,This is Derek. He just got balled on. Can't even get up. Poor thing. 10/10 hang in there pupper ,https://twitter.com/dog_rates/status/720340705894408192/photo/1,10.0,10.0,Derek,pupper,pupper
719704490224398336,2016-04-12 01:51:36+00:00,Twitter for iPhone,This is Clyde. He's making sure you're having a good train ride. 12/10 great pupper ,https://twitter.com/dog_rates/status/719704490224398336/photo/1,12.0,10.0,Clyde,pupper,pupper
717790033953034240,2016-04-06 19:04:14+00:00,Twitter for iPhone,"Here's a badass mystery pupper. You weren't aware that you owe him money, but you do. 10/10 shades sick af ",https://twitter.com/dog_rates/status/717790033953034240/photo/1,10.0,10.0,None,pupper,pupper
717009362452090881,2016-04-04 15:22:08+00:00,Twitter for iPhone,This is Smokey. He's having some sort of existential crisis. 10/10 hang in there pupper ,https://twitter.com/dog_rates/status/717009362452090881/photo/1,10.0,10.0,Smokey,pupper,pupper
716447146686459905,2016-04-03 02:08:05+00:00,Vine - Make a Scene,This is Ozzy. He's acrobatic af. Legendary pupper status achieved. 13/10 ,https://vine.co/v/eMmXVPn5eQK,13.0,10.0,Ozzy,pupper,pupper
712309440758808576,2016-03-22 16:06:19+00:00,Twitter for iPhone,"Reminder that we made our first set of stickers available! All are 12/10 would stick
Use code ""pupper"" at checkout

",https://twitter.com/stickergrub/status/709919141004595201,12.0,10.0,None,pupper,pupper
711968124745228288,2016-03-21 17:30:03+00:00,Twitter for iPhone,Meet Winston. He's trapped in a cup of coffee. Poor pupper. 10/10 someone free him ,https://twitter.com/dog_rates/status/711968124745228288/photo/1,10.0,10.0,Winston,pupper,pupper
711008018775851008,2016-03-19 01:54:56+00:00,Twitter for iPhone,This is Chuckles. He had a balloon but he accidentally let go of it and it floated away. 11/10 hang in there pupper ,https://twitter.com/dog_rates/status/711008018775851008/photo/1,11.0,10.0,Chuckles,pupper,pupper
710117014656950272,2016-03-16 14:54:24+00:00,Twitter for iPhone,This pupper got her hair chalked for her birthday. Hasn't told her parents yet. Rebellious af. 11/10 very nifty ,"https://twitter.com/dog_rates/status/710117014656950272/photo/1,https://twitter.com/dog_rates/status/710117014656950272/photo/1",11.0,10.0,None,pupper,pupper
708845821941387268,2016-03-13 02:43:08+00:00,Twitter for iPhone,Here's a pupper with magic eyes. Not wearing a seat belt tho (irresponsible af). Very distracting to driver. 9/10 ,"https://twitter.com/dog_rates/status/708845821941387268/photo/1,https://twitter.com/dog_rates/status/708845821941387268/photo/1",9.0,10.0,None,pupper,pupper
707411934438625280,2016-03-09 03:45:22+00:00,Twitter for iPhone,"""I shall trip the big pupper with leash. Big pupper will never see it coming. I am a genius."" Both 11/10 ",https://twitter.com/dog_rates/status/707411934438625280/photo/1,11.0,10.0,None,pupper,pupper
707315916783140866,2016-03-08 21:23:50+00:00,Twitter for iPhone,This is Finnegus. He's trapped in a snow globe. Poor pupper. 10/10 would make sure no one shook it ,"https://twitter.com/dog_rates/status/707315916783140866/photo/1,https://twitter.com/dog_rates/status/707315916783140866/photo/1",10.0,10.0,Finnegus,pupper,pupper
706310011488698368,2016-03-06 02:46:44+00:00,Twitter for iPhone,Here's a very sleepy pupper. Thinks it's an airplane. 12/10 would snug for eternity ,"https://twitter.com/dog_rates/status/706310011488698368/photo/1,https://twitter.com/dog_rates/status/706310011488698368/photo/1",12.0,10.0,None,pupper,pupper
705975130514706432,2016-03-05 04:36:02+00:00,Twitter for iPhone,This is Adele. Her tongue flies out of her mouth at random. It's a debilitating illness. 10/10 stay strong pupper ,"https://twitter.com/dog_rates/status/705975130514706432/photo/1,https://twitter.com/dog_rates/status/705975130514706432/photo/1",10.0,10.0,Adele,pupper,pupper
705428427625635840,2016-03-03 16:23:38+00:00,Twitter for iPhone,This is Ambrose. He's an Alfalfa Ballyhoo. Draws pistol fast af. Pretty much runs the frontier. 11/10 lethal pupper ,https://twitter.com/dog_rates/status/705428427625635840/photo/1,11.0,10.0,Ambrose,pupper,pupper
704859558691414016,2016-03-02 02:43:09+00:00,Twitter for iPhone,Here is a heartbreaking scene of an incredible pupper being laid to rest. 10/10 RIP pupper ,https://twitter.com/dog_rates/status/704859558691414016/photo/1,10.0,10.0,a,pupper,pupper
704761120771465216,2016-03-01 20:11:59+00:00,Twitter for iPhone,This pupper killed this great white in an epic sea battle. Now wears it as a trophy. Such brave. Much fierce. 13/10 ,"https://twitter.com/dog_rates/status/704761120771465216/photo/1,https://twitter.com/dog_rates/status/704761120771465216/photo/1",13.0,10.0,None,pupper,pupper
704347321748819968,2016-02-29 16:47:42+00:00,Twitter for iPhone,This is Ralphson. He's very confused. Wondering why he's sitting on Santa's lap in February. 10/10 stay woke pupper ,https://twitter.com/dog_rates/status/704347321748819968/photo/1,10.0,10.0,Ralphson,pupper,pupper
704134088924532736,2016-02-29 02:40:23+00:00,Vine - Make a Scene,This sneezy pupper is just adorable af. 12/10 (vid by @gwilks1) ,https://vine.co/v/igW2OEwu9vg,12.0,10.0,None,pupper,pupper
703611486317502464,2016-02-27 16:03:45+00:00,Twitter for iPhone,Meet Scooter. He's experiencing the pupper equivalent of dropping ur phone in a toilet 10/10 put it in some rice pup ,https://twitter.com/dog_rates/status/703611486317502464/photo/1,10.0,10.0,Scooter,pupper,pupper
703407252292673536,2016-02-27 02:32:12+00:00,Twitter for iPhone,This pupper doesn't understand gates. 10/10 so close ,https://twitter.com/dog_rates/status/703407252292673536/photo/1,10.0,10.0,None,pupper,pupper
703268521220972544,2016-02-26 17:20:56+00:00,Twitter for iPhone,Happy Friday here's a sleepy pupper 12/10 ,https://twitter.com/dog_rates/status/703268521220972544/photo/1,12.0,10.0,None,pupper,pupper
702598099714314240,2016-02-24 20:56:55+00:00,Twitter for iPhone,"This is Sansa. She's gotten too big for her chair. Not so smol anymore. 11/10 once a pupper, always a pupper ",https://twitter.com/dog_rates/status/702598099714314240/photo/1,11.0,10.0,Sansa,pupper,pupper
701805642395348998,2016-02-22 16:27:58+00:00,Vine - Make a Scene,Please pray for this pupper. Nothing wrong with her she just can't stop getting hit with banana peels. 11/10 ,https://vine.co/v/ivV6Y37mH5Z,11.0,10.0,None,pupper,pupper
701545186879471618,2016-02-21 23:13:01+00:00,Twitter for iPhone,Meet Millie. She's practicing her dive form for Rio. It's nearly perfect. Dedicated af. 10/10 go for gold pupper ,https://twitter.com/dog_rates/status/701545186879471618/photo/1,10.0,10.0,Millie,pupper,pupper
700864154249383937,2016-02-20 02:06:50+00:00,Twitter for iPhone,"""Pupper is a present to world. Here is a bow for pupper."" 12/10 precious as hell ",https://twitter.com/dog_rates/status/700864154249383937/photo/1,12.0,10.0,a,pupper,pupper
700151421916807169,2016-02-18 02:54:41+00:00,Twitter for iPhone,If a pupper gave that to me I'd probably start shaking and faint from all the joy. 11/10 ,https://twitter.com/dog_rates/status/700151421916807169/photo/1,11.0,10.0,None,pupper,pupper
700143752053182464,2016-02-18 02:24:13+00:00,Twitter for iPhone,When it's Janet from accounting's birthday but you can't eat the cake cuz it's chocolate. 10/10 hang in there pupper ,https://twitter.com/dog_rates/status/700143752053182464/photo/1,10.0,10.0,None,pupper,pupper
699801817392291840,2016-02-17 03:45:29+00:00,Twitter for iPhone,This is Cooper. He began to tear up when his bone was taken from him. 11/10 stay strong pupper ,"https://twitter.com/dog_rates/status/699801817392291840/photo/1,https://twitter.com/dog_rates/status/699801817392291840/photo/1,https://twitter.com/dog_rates/status/699801817392291840/photo/1,https://twitter.com/dog_rates/status/699801817392291840/photo/1",11.0,10.0,Cooper,pupper,pupper
699434518667751424,2016-02-16 03:25:58+00:00,Twitter for iPhone,I know this is a tad late but here's a wonderful Valentine's Day pupper 12/10 ,https://twitter.com/dog_rates/status/699434518667751424/photo/1,12.0,10.0,None,pupper,pupper
699036661657767936,2016-02-15 01:05:02+00:00,Twitter for iPhone,HAPPY V-DAY FROM YOUR FAV PUPPER SQUAD 13/10 for all ,https://twitter.com/dog_rates/status/699036661657767936/photo/1,13.0,10.0,None,pupper,pupper
697616773278015490,2016-02-11 03:02:54+00:00,Twitter for iPhone,This pupper doubles as a hallway rug. Very rare. Versatile af. 11/10 ,"https://twitter.com/dog_rates/status/697616773278015490/photo/1,https://twitter.com/dog_rates/status/697616773278015490/photo/1",11.0,10.0,None,pupper,pupper
697596423848730625,2016-02-11 01:42:02+00:00,Twitter for iPhone,Here's a pupper with a piece of pizza. Two of everybody's favorite things in one photo. 11/10 ,https://twitter.com/dog_rates/status/697596423848730625/photo/1,11.0,10.0,None,pupper,pupper
696877980375769088,2016-02-09 02:07:12+00:00,Twitter for iPhone,This is Misty. She's in a predicament. Not sure what next move should be. 9/10 stay calm pupper I'm comin ,https://twitter.com/dog_rates/status/696877980375769088/photo/1,9.0,10.0,Misty,pupper,pupper
696713835009417216,2016-02-08 15:14:57+00:00,Twitter for iPhone,This is Trevith. He's a Swiss Mountain Roadwoof. Breeze too powerful. 9/10 stay strong pupper ,https://twitter.com/dog_rates/status/696713835009417216/photo/1,9.0,10.0,Trevith,pupper,pupper
696518437233913856,2016-02-08 02:18:30+00:00,Twitter for iPhone,Oh my god 10/10 for every little hot dog pupper,,10.0,10.0,None,pupper,pupper
696100768806522880,2016-02-06 22:38:50+00:00,Vine - Make a Scene,This poor pupper has been stuck in a vortex since last week. Please keep her in your thoughts. 10/10 ,https://vine.co/v/i1KWj0vbvA9,10.0,10.0,None,pupper,pupper
695095422348574720,2016-02-04 04:03:57+00:00,Twitter for iPhone,This is just a beautiful pupper good shit evolution. 12/10 ,https://twitter.com/dog_rates/status/695095422348574720/photo/1,12.0,10.0,just,pupper,pupper
695074328191332352,2016-02-04 02:40:08+00:00,Twitter for iPhone,This is Lorenzo. He's educated af. Just graduated college. 11/10 poor pupper can't even comprehend his debt ,https://twitter.com/dog_rates/status/695074328191332352/photo/1,11.0,10.0,Lorenzo,pupper,pupper
694329668942569472,2016-02-02 01:21:07+00:00,Twitter for iPhone,Meet Grady. He's very hungry. Too bad no one can find his food bowl. 9/10 poor pupper ,https://twitter.com/dog_rates/status/694329668942569472/photo/1,9.0,10.0,Grady,pupper,pupper
693629975228977152,2016-01-31 03:00:47+00:00,Twitter for iPhone,This pupper is afraid of its own feet. 12/10 would comfort ,"https://twitter.com/dog_rates/status/693629975228977152/photo/1,https://twitter.com/dog_rates/status/693629975228977152/photo/1",12.0,10.0,None,pupper,pupper
693590843962331137,2016-01-31 00:25:18+00:00,Twitter for iPhone,Meet Phil. He's big af. Currently destroying this nice family home. Completely uncalled for. 3/10 not a good pupper ,https://twitter.com/dog_rates/status/693590843962331137/photo/1,3.0,10.0,Phil,pupper,pupper
693262851218264065,2016-01-30 02:41:58+00:00,Twitter for iPhone,I hope you guys enjoy this beautiful snowy pupper as much as I did. 11/10 ,https://twitter.com/dog_rates/status/693262851218264065/photo/1,11.0,10.0,None,pupper,pupper
693095443459342336,2016-01-29 15:36:45+00:00,Twitter for iPhone,This is Milo. He doesn't understand your fancy human gestures. Will lick instead. 10/10 can't faze this pupper ,https://twitter.com/dog_rates/status/693095443459342336/photo/1,10.0,10.0,Milo,pupper,pupper
692905862751522816,2016-01-29 03:03:25+00:00,Twitter for iPhone,This is Wally. He's being abducted by aliens. 10/10 poor pupper ,https://twitter.com/dog_rates/status/692905862751522816/photo/1,10.0,10.0,Wally,pupper,pupper
692828166163931137,2016-01-28 21:54:41+00:00,Twitter for iPhone,This pupper just descended from heaven. 12/10 can probably fly ,https://twitter.com/dog_rates/status/692828166163931137/photo/1,12.0,10.0,None,pupper,pupper
692752401762250755,2016-01-28 16:53:37+00:00,Twitter for iPhone,"""Hello yes could I get one pupper to go please thank you""
Both 13/10 ",https://twitter.com/dog_rates/status/692752401762250755/photo/1,13.0,10.0,None,pupper,pupper
692417313023332352,2016-01-27 18:42:06+00:00,Twitter for iPhone,Meet Herschel. He's slightly bigger than ur average pupper. Looks lonely. Could probably ride 7/10 would totally pet ,https://twitter.com/dog_rates/status/692417313023332352/photo/1,7.0,10.0,Herschel,pupper,pupper
690015576308211712,2016-01-21 03:38:27+00:00,Twitter for iPhone,This pupper can only sleep on shoes. It's a crippling disease. Tearing his family apart. 12/10 I'd totally pet tho ,"https://twitter.com/dog_rates/status/690015576308211712/photo/1,https://twitter.com/dog_rates/status/690015576308211712/photo/1",12.0,10.0,None,pupper,pupper
689905486972461056,2016-01-20 20:21:00+00:00,Twitter for iPhone,"Say hello to Gizmo. He's quite the pupper. Confused by bed, but agile af. Can barely catch on camera. 11/10 so quick ","https://twitter.com/dog_rates/status/689905486972461056/photo/1,https://twitter.com/dog_rates/status/689905486972461056/photo/1,https://twitter.com/dog_rates/status/689905486972461056/photo/1,https://twitter.com/dog_rates/status/689905486972461056/photo/1",11.0,10.0,Gizmo,pupper,pupper
689623661272240129,2016-01-20 01:41:08+00:00,Twitter for iPhone,This is Lucy. She's terrified of the stuffed billed dog. 10/10 stay strong pupper ,"https://twitter.com/dog_rates/status/689623661272240129/photo/1,https://twitter.com/dog_rates/status/689623661272240129/photo/1",10.0,10.0,Lucy,pupper,pupper
689143371370250240,2016-01-18 17:52:38+00:00,Twitter for iPhone,Meet Trip. He likes wearing costumes that aren't consistent with the season to screw with people 10/10 tricky pupper ,https://twitter.com/dog_rates/status/689143371370250240/photo/1,10.0,10.0,Trip,pupper,pupper
688916208532455424,2016-01-18 02:49:58+00:00,Twitter for iPhone,This pupper just wants to say hello. 11/10 would knock down fence for ,"https://twitter.com/dog_rates/status/688916208532455424/photo/1,https://twitter.com/dog_rates/status/688916208532455424/photo/1",11.0,10.0,None,pupper,pupper
688894073864884227,2016-01-18 01:22:00+00:00,Twitter for iPhone,This is Hamrick. He's covered in corn flakes. Silly pupper. Looks congested. 7/10 considerably petable ,https://twitter.com/dog_rates/status/688894073864884227/photo/1,7.0,10.0,Hamrick,pupper,pupper
688519176466644993,2016-01-17 00:32:18+00:00,Twitter for iPhone,This pupper is sprouting a flower out of her head. 12/10 revolutionary af ,https://twitter.com/dog_rates/status/688519176466644993/photo/1,12.0,10.0,None,pupper,pupper
688179443353796608,2016-01-16 02:02:19+00:00,Twitter for iPhone,This is Lizzie. She's about to fist bump the large ridable maned pupper. She's very excited. 10/10 for both dogs ,https://twitter.com/dog_rates/status/688179443353796608/photo/1,10.0,10.0,Lizzie,pupper,pupper
687818504314159109,2016-01-15 02:08:05+00:00,Twitter for iPhone,With great pupper comes great responsibility. 12/10 ,https://twitter.com/dog_rates/status/687818504314159109/photo/1,12.0,10.0,None,pupper,pupper
687704180304273409,2016-01-14 18:33:48+00:00,Twitter for iPhone,Say hello to Blakely. He thinks that's a hat. Silly pupper. That's a nanner. 9/10 ,https://twitter.com/dog_rates/status/687704180304273409/photo/1,9.0,10.0,Blakely,pupper,pupper
687476254459715584,2016-01-14 03:28:06+00:00,Twitter for iPhone,This is Curtis. He's a fluffball. 11/10 would snug this pupper ,https://twitter.com/dog_rates/status/687476254459715584/photo/1,11.0,10.0,Curtis,pupper,pupper
687312378585812992,2016-01-13 16:36:55+00:00,Twitter for iPhone,"""You got any games on your phone"" 7/10 for invasive brown Dalmatian pupper ",https://twitter.com/dog_rates/status/687312378585812992/photo/1,7.0,10.0,None,pupper,pupper
687096057537363968,2016-01-13 02:17:20+00:00,Twitter for iPhone,This pupper's New Year's resolution was to become a Hershey's kiss. 11/10 she's super pumped about it ,https://twitter.com/dog_rates/status/687096057537363968/photo/1,11.0,10.0,None,pupper,pupper
686760001961103360,2016-01-12 04:01:58+00:00,Vine - Make a Scene,This pupper forgot how to walk. 12/10 happens to all of us (vid by @bbuckley96) ,https://vine.co/v/iMvubwT260D,12.0,10.0,None,pupper,pupper
686683045143953408,2016-01-11 22:56:10+00:00,Twitter for iPhone,This is Mona. She's a Yarborough Splishnsplash. Lost body during Nam. 11/10 revolutionary pupper ,https://twitter.com/dog_rates/status/686683045143953408/photo/1,11.0,10.0,Mona,pupper,pupper
686618349602762752,2016-01-11 18:39:05+00:00,Twitter for iPhone,This is Olivia. She just saw an adult wearing crocs. 11/10 poor pupper. No one should witness such a thing ,https://twitter.com/dog_rates/status/686618349602762752/photo/1,11.0,10.0,Olivia,pupper,pupper
686377065986265092,2016-01-11 02:40:19+00:00,Twitter for iPhone,Meet Birf. He thinks he's gone blind. 10/10 very frightened pupper ,https://twitter.com/dog_rates/status/686377065986265092/photo/1,10.0,10.0,Birf,pupper,pupper
686007916130873345,2016-01-10 02:13:27+00:00,Twitter for iPhone,This pupper has a magical eye. 11/10 I can't stop looking at it ,https://twitter.com/dog_rates/status/686007916130873345/photo/1,11.0,10.0,None,pupper,pupper
685943807276412928,2016-01-09 21:58:42+00:00,Twitter for iPhone,This is the newly formed pupper a capella group. They're just starting out but I see tons of potential. 8/10 for all ,https://twitter.com/dog_rates/status/685943807276412928/video/1,8.0,10.0,the,pupper,pupper
685667379192414208,2016-01-09 03:40:16+00:00,Twitter for iPhone,This is Marty. He has no idea what happened here. Never seen this stuff in his life. 9/10 very suspicious pupper ,https://twitter.com/dog_rates/status/685667379192414208/photo/1,9.0,10.0,Marty,pupper,pupper
685641971164143616,2016-01-09 01:59:19+00:00,Twitter for iPhone,This is Otis. He just passed a cop while going 61 in a 45. Very nervous pupper. 7/10 ,https://twitter.com/dog_rates/status/685641971164143616/photo/1,7.0,10.0,Otis,pupper,pupper
685547936038666240,2016-01-08 19:45:39+00:00,Twitter for iPhone,Everybody needs to read this. Jack is our first 14/10. Truly heroic pupper ,"https://twitter.com/dog_rates/status/685547936038666240/photo/1,https://twitter.com/dog_rates/status/685547936038666240/photo/1",14.0,10.0,None,pupper,pupper
685268753634967552,2016-01-08 01:16:17+00:00,Twitter for iPhone,This is Hubertson. He's a Carmel Haberdashery. Enjoys long summer days on his boat. Very peaceful pupper. 10/10 ,https://twitter.com/dog_rates/status/685268753634967552/photo/1,10.0,10.0,Hubertson,pupper,pupper
685169283572338688,2016-01-07 18:41:01+00:00,Twitter for iPhone,Meet Gerbald. He just found out he's adopted. Poor pupper. Snazzy tongue tho. 11/10 would hold close in time of need ,https://twitter.com/dog_rates/status/685169283572338688/photo/1,11.0,10.0,Gerbald,pupper,pupper
684880619965411328,2016-01-06 23:33:58+00:00,Twitter for iPhone,Here we have a basking dino pupper. Looks powerful. Occasionally shits eggs. Doesn't want the holidays to end. 5/10 ,https://twitter.com/dog_rates/status/684880619965411328/photo/1,5.0,10.0,None,pupper,pupper
684830982659280897,2016-01-06 20:16:44+00:00,Vine - Make a Scene,This little fella really hates stairs. Prefers bush. 13/10 legendary pupper ,https://vine.co/v/eEZXZI1rqxX,13.0,10.0,None,pupper,pupper
684588130326986752,2016-01-06 04:11:43+00:00,Vine - Make a Scene,This pupper just got his first kiss. 12/10 he's so happy ,https://vine.co/v/ihWIxntjtO7,12.0,10.0,None,pupper,pupper
684147889187209216,2016-01-04 23:02:22+00:00,Vine - Make a Scene,This is Sweets the English Bulldog. Waves back to other bikers. 12/10 just a fantastic friendly pupper ,https://vine.co/v/ib2nTOEuuOI,12.0,10.0,Sweets,pupper,pupper
683834909291606017,2016-01-04 02:18:42+00:00,Twitter for iPhone,Here we see a faulty pupper. Might need to replace batteries. Try turning off &amp; back on again. 9/10 would still pet ,https://twitter.com/dog_rates/status/683834909291606017/video/1,9.0,10.0,None,pupper,pupper
683828599284170753,2016-01-04 01:53:37+00:00,Twitter for iPhone,Breathtaking pupper here. Should be on the cover of Dogue. Top-notch tongue. Appears considerably fluffy. 12/10 ,https://twitter.com/dog_rates/status/683828599284170753/photo/1,12.0,10.0,None,pupper,pupper
683481228088049664,2016-01-03 02:53:17+00:00,Twitter for iPhone,Meet Banjo. He's a Peppercorn Shoop Da Whoop. Nails look lethal. Skeptical of luminescent orb 11/10 stay woke pupper ,https://twitter.com/dog_rates/status/683481228088049664/photo/1,11.0,10.0,Banjo,pupper,pupper
683462770029932544,2016-01-03 01:39:57+00:00,Twitter for iPhone,"""Hello forest pupper I am house pupper welcome to my abode"" (8/10 for both) ",https://twitter.com/dog_rates/status/683462770029932544/photo/1,8.0,10.0,None,pupper,pupper
683142553609318400,2016-01-02 04:27:31+00:00,Twitter for iPhone,Meet Brandy. She's a member of the Bloods. Menacing criminal pupper. Soft spot for flowers tho. 9/10 pet w caution ,https://twitter.com/dog_rates/status/683142553609318400/photo/1,9.0,10.0,Brandy,pupper,pupper
683111407806746624,2016-01-02 02:23:45+00:00,Twitter for iPhone,This is Larry. He thought the New Year's parties were tonight. 10/10 poor pupper. Maybe next year ,https://twitter.com/dog_rates/status/683111407806746624/photo/1,10.0,10.0,Larry,pupper,pupper
683078886620553216,2016-01-02 00:14:32+00:00,Twitter for iPhone,Here we see a nifty leaping pupper. Feet look deadly. Sad that the holidays are over. 9/10 undeniably huggable ,https://twitter.com/dog_rates/status/683078886620553216/photo/1,9.0,10.0,None,pupper,pupper
682788441537560576,2016-01-01 05:00:24+00:00,Twitter for iPhone,"Happy New Year from your fav holiday squad!  12/10 for all

Here's to a pupper-filled year  ",https://twitter.com/dog_rates/status/682788441537560576/photo/1,12.0,10.0,None,pupper,pupper
682406705142087680,2015-12-31 03:43:31+00:00,Twitter for iPhone,This is Patrick. He's a bigass pupper. 7/10 ,https://twitter.com/dog_rates/status/682406705142087680/photo/1,7.0,10.0,Patrick,pupper,pupper
681891461017812993,2015-12-29 17:36:07+00:00,Twitter for iPhone,Say hello to Charlie. He's scholarly af. Quite intimidating with all his pupper knowledge 10/10 even built that fire ,https://twitter.com/dog_rates/status/681891461017812993/photo/1,10.0,10.0,Charlie,pupper,pupper
681694085539872773,2015-12-29 04:31:49+00:00,Twitter for iPhone,This is Bo. He's a Benedoop Cumbersnatch. Seems frustrated with own feet. Portable as hell. 11/10 very solid pupper ,https://twitter.com/dog_rates/status/681694085539872773/photo/1,11.0,10.0,Bo,pupper,pupper
681679526984871937,2015-12-29 03:33:58+00:00,Twitter for iPhone,Can you spot Toby the guilty pupper? 7/10 would be higher but he made quite the mess shredding his stuffed pals ,https://twitter.com/dog_rates/status/681679526984871937/photo/1,7.0,10.0,None,pupper,pupper
681654059175129088,2015-12-29 01:52:46+00:00,Twitter for iPhone,This is Toffee. He's a happy pupper. Appears dangerously fluffy. Extraordinarily spherical. 12/10 would pet firmly ,https://twitter.com/dog_rates/status/681654059175129088/photo/1,12.0,10.0,Toffee,pupper,pupper
681231109724700672,2015-12-27 21:52:07+00:00,Twitter for iPhone,I just love this pic. 11/10 this pupper is going places ,https://twitter.com/dog_rates/status/681231109724700672/photo/1,11.0,10.0,None,pupper,pupper
680836378243002368,2015-12-26 19:43:36+00:00,Twitter for iPhone,This is Ellie. She's secretly ferocious. 12/10 very deadly pupper ,"https://twitter.com/dog_rates/status/680836378243002368/photo/1,https://twitter.com/dog_rates/status/680836378243002368/photo/1,https://twitter.com/dog_rates/status/680836378243002368/photo/1",12.0,10.0,Ellie,pupper,pupper
680473011644985345,2015-12-25 19:39:43+00:00,Twitter for iPhone,"This is Hector. He thinks he's a hammer. Silly Hector. You're a pupper, not a hammer. 10/10 ",https://twitter.com/dog_rates/status/680473011644985345/photo/1,10.0,10.0,Hector,pupper,pupper
680191257256136705,2015-12-25 01:00:07+00:00,Twitter for iPhone,Here's a sleepy Christmas pupper 11/10 ,https://twitter.com/dog_rates/status/680191257256136705/photo/1,11.0,10.0,None,pupper,pupper
680176173301628928,2015-12-25 00:00:11+00:00,Twitter for iPhone,This pupper is patiently waiting to scare the shit out of Santa. 10/10 ,https://twitter.com/dog_rates/status/680176173301628928/photo/1,10.0,10.0,None,pupper,pupper
680145970311643136,2015-12-24 22:00:10+00:00,Twitter for iPhone,Say hello to Kawhi. He was doing fine until his hat fell off. He got it back though. 10/10 deep breaths pupper ,"https://twitter.com/dog_rates/status/680145970311643136/photo/1,https://twitter.com/dog_rates/status/680145970311643136/photo/1,https://twitter.com/dog_rates/status/680145970311643136/photo/1",10.0,10.0,Kawhi,pupper,pupper
680100725817409536,2015-12-24 19:00:23+00:00,TweetDeck,This pupper is not coming inside until she catches a snowflake on her tongue. 11/10 the determination is palpable ,https://twitter.com/dog_rates/status/680100725817409536/photo/1,11.0,10.0,None,pupper,pupper
679828447187857408,2015-12-24 00:58:27+00:00,Twitter for iPhone,Everybody look at this beautiful pupper 13/10 ,"https://twitter.com/dog_rates/status/679828447187857408/photo/1,https://twitter.com/dog_rates/status/679828447187857408/photo/1,https://twitter.com/dog_rates/status/679828447187857408/photo/1",13.0,10.0,None,pupper,pupper
679777920601223168,2015-12-23 21:37:40+00:00,Twitter for iPhone,This is Rinna. She's melting. 10/10 get inside pupper ,https://twitter.com/dog_rates/status/679777920601223168/photo/1,10.0,10.0,Rinna,pupper,pupper
679527802031484928,2015-12-23 05:03:47+00:00,Twitter for iPhone,This little pupper just arrived. 11/10 would snug ,https://twitter.com/dog_rates/status/679527802031484928/photo/1,11.0,10.0,None,pupper,pupper
679503373272485890,2015-12-23 03:26:43+00:00,Twitter for iPhone,This is Dwight. He's a pointy pupper. Very docile. Attracts marshmallows. Hurts to pet but definitely worth it 8/10 ,https://twitter.com/dog_rates/status/679503373272485890/photo/1,8.0,10.0,Dwight,pupper,pupper
678800283649069056,2015-12-21 04:52:53+00:00,Twitter for iPhone,Here's a pupper with some mean tan lines. Snazzy sweater though 12/10 ,https://twitter.com/dog_rates/status/678800283649069056/photo/1,12.0,10.0,None,pupper,pupper
678708137298427904,2015-12-20 22:46:44+00:00,Vine - Make a Scene,Here we are witnessing a wild field pupper. Lost his wallet in there. Rather unfortunate. 10/10 good luck pup ,https://vine.co/v/eQjxxYaQ60K,10.0,10.0,None,pupper,pupper
678389028614488064,2015-12-20 01:38:42+00:00,Twitter for iPhone,"This is Bella. She just learned that her final grade in chem was a 92.49 
poor pupper 11/10 ",https://twitter.com/dog_rates/status/678389028614488064/photo/1,11.0,10.0,Bella,pupper,pupper
678341075375947776,2015-12-19 22:28:09+00:00,Twitter for iPhone,This pupper likes tape. 12/10 ,https://twitter.com/dog_rates/status/678341075375947776/photo/1,12.0,10.0,None,pupper,pupper
678278586130948096,2015-12-19 18:19:51+00:00,Twitter for iPhone,Another spooky pupper here. Most definitely floating. No legs. Probably knows some dark magic. 10/10 very spooked ,https://twitter.com/dog_rates/status/678278586130948096/photo/1,10.0,10.0,None,pupper,pupper
677557565589463040,2015-12-17 18:34:46+00:00,Twitter for iPhone,Reckless pupper here. Not even looking at road. Absolute menace. No regard for fellow pupper lives. 10/10 still cute ,https://twitter.com/dog_rates/status/677557565589463040/photo/1,10.0,10.0,None,pupper,pupper
677269281705472000,2015-12-16 23:29:14+00:00,Twitter for iPhone,This is the happiest pupper I've ever seen. 10/10 would trade lives with ,https://twitter.com/dog_rates/status/677269281705472000/photo/1,10.0,10.0,the,pupper,pupper
676936541936185344,2015-12-16 01:27:03+00:00,Twitter for iPhone,Here we see a rare pouched pupper. Ample storage space. Looks alert. Jumps at random. Kicked open that door. 8/10 ,https://twitter.com/dog_rates/status/676936541936185344/photo/1,8.0,10.0,None,pupper,pupper
676916996760600576,2015-12-16 00:09:23+00:00,Vine - Make a Scene,Super speedy pupper. Does not go gentle into that goodnight. 10/10 ,https://vine.co/v/imJ0BdZOJTw,10.0,10.0,None,pupper,pupper
676819651066732545,2015-12-15 17:42:34+00:00,Twitter for iPhone,Watch out Airbud. This pupper is also good at the sports. 12/10 I'm thinking D1 ,"https://twitter.com/dog_rates/status/676819651066732545/photo/1,https://twitter.com/dog_rates/status/676819651066732545/photo/1",12.0,10.0,None,pupper,pupper
676617503762681856,2015-12-15 04:19:18+00:00,Twitter for iPhone,I promise this wasn't meant to be a cuteness overload account but ermergerd look at this cozy pupper. 13/10 ,https://twitter.com/dog_rates/status/676617503762681856/photo/1,13.0,10.0,None,pupper,pupper
676603393314578432,2015-12-15 03:23:14+00:00,Twitter for iPhone,This is Godzilla pupper. He had a ruff childhood &amp; now deflects that pain outward by terrorizing cities. Tragic 9/10 ,https://twitter.com/dog_rates/status/676603393314578432/photo/1,9.0,10.0,Godzilla,pupper,pupper
676593408224403456,2015-12-15 02:43:33+00:00,Vine - Make a Scene,This pupper loves leaves. 11/10 for committed leaf lover ,https://vine.co/v/eEQQaPFbgOY,11.0,10.0,None,pupper,pupper
676575501977128964,2015-12-15 01:32:24+00:00,Twitter for iPhone,This pupper is very passionate about Christmas. Wanted to give the tree a hug. So cute. 8/10 ,https://twitter.com/dog_rates/status/676575501977128964/photo/1,8.0,10.0,None,pupper,pupper
676470639084101634,2015-12-14 18:35:43+00:00,Twitter for iPhone,Three generations of pupper. 11/10 for all ,https://twitter.com/dog_rates/status/676470639084101634/photo/1,11.0,10.0,None,pupper,pupper
676263575653122048,2015-12-14 04:52:55+00:00,Twitter for iPhone,All this pupper wanted to do was go skiing. No one told him about the El Nio. Poor pupper. 10/10 maybe next year ,https://twitter.com/dog_rates/status/676263575653122048/photo/1,10.0,10.0,None,pupper,pupper
675898130735476737,2015-12-13 04:40:46+00:00,Twitter for iPhone,I'm sure you've all seen this pupper. Not prepared at all for the flying disc of terror. 10/10 ,https://twitter.com/dog_rates/status/675898130735476737/photo/1,10.0,10.0,None,pupper,pupper
675845657354215424,2015-12-13 01:12:15+00:00,Twitter for iPhone,"This is Pepper. She's not fully comfortable riding her imaginary bike yet. 10/10 don't worry pupper, it gets easier ",https://twitter.com/dog_rates/status/675845657354215424/photo/1,10.0,10.0,Pepper,pupper,pupper
675740360753160193,2015-12-12 18:13:51+00:00,Twitter for iPhone,Here's a pupper licking in slow motion. 12/10 please enjoy ,https://twitter.com/dog_rates/status/675740360753160193/video/1,12.0,10.0,None,pupper,pupper
675334060156301312,2015-12-11 15:19:21+00:00,Twitter for iPhone,Good morning here's a grass pupper. 12/10 ,"https://twitter.com/dog_rates/status/675334060156301312/photo/1,https://twitter.com/dog_rates/status/675334060156301312/photo/1",12.0,10.0,None,pupper,pupper
675113801096802304,2015-12-11 00:44:07+00:00,Twitter for iPhone,Meet Zuzu. He just graduated college. Astute pupper. Needs 2 leashes to contain him. Wasn't ready for the pic. 10/10 ,https://twitter.com/dog_rates/status/675113801096802304/photo/1,10.0,10.0,Zuzu,pupper,pupper
675006312288268288,2015-12-10 17:37:00+00:00,Twitter for iPhone,Say hello to Mollie. This pic was taken after she bet all her toys on Ronda Rousey. 10/10 hang in there pupper ,https://twitter.com/dog_rates/status/675006312288268288/photo/1,10.0,10.0,Mollie,pupper,pupper
674774481756377088,2015-12-10 02:15:47+00:00,Twitter for iPhone,This is Superpup. His head isn't proportional to his body. Has yet to serve any justice. 11/10 maybe one day pupper ,https://twitter.com/dog_rates/status/674774481756377088/photo/1,11.0,10.0,Superpup,pupper,pupper
674737130913071104,2015-12-09 23:47:22+00:00,Twitter for iPhone,Meet Rufio. He is unaware of the pink legless pupper wrapped around him. Might want to get that checked 10/10 &amp; 4/10 ,https://twitter.com/dog_rates/status/674737130913071104/photo/1,10.0,10.0,Rufio,pupper,pupper
674638615994089473,2015-12-09 17:15:54+00:00,Twitter for iPhone,This pupper is fed up with being tickled. 12/10 I'm currently working on an elaborate heist to steal this dog ,https://twitter.com/dog_rates/status/674638615994089473/photo/1,12.0,10.0,None,pupper,pupper
674447403907457024,2015-12-09 04:36:06+00:00,Twitter for iPhone,This pupper just wants a belly rub. This pupper has nothing to do w the tree being sideways now. 10/10 good pupper ,https://twitter.com/dog_rates/status/674447403907457024/photo/1,10.0,10.0,None,pupper,pupper
674318007229923329,2015-12-08 20:01:55+00:00,Twitter for iPhone,This is Lennon. He's in quite the predicament. 8/10 hang in there pupper ,https://twitter.com/dog_rates/status/674318007229923329/photo/1,8.0,10.0,Lennon,pupper,pupper
674262580978937856,2015-12-08 16:21:41+00:00,Twitter for iPhone,This is Gus. He's super stoked about being an elephant. Couldn't be happier. 9/10 for elephant pupper ,https://twitter.com/dog_rates/status/674262580978937856/photo/1,9.0,10.0,Gus,pupper,pupper
674038233588723717,2015-12-08 01:30:12+00:00,Twitter for iPhone,This is Kaiya. She's an aspiring shoe model. 12/10 follow your dreams pupper ,https://twitter.com/dog_rates/status/674038233588723717/photo/1,12.0,10.0,Kaiya,pupper,pupper
673956914389192708,2015-12-07 20:07:04+00:00,Twitter for iPhone,This is one esteemed pupper. Just graduated college. 10/10 what a champ ,https://twitter.com/dog_rates/status/673956914389192708/photo/1,10.0,10.0,one,pupper,pupper
673919437611909120,2015-12-07 17:38:09+00:00,Twitter for iPhone,This is Obie. He is on guard watching for evildoers from the comfort of his pumpkin. Very brave pupper. 11/10 ,https://twitter.com/dog_rates/status/673919437611909120/photo/1,11.0,10.0,Obie,pupper,pupper
673707060090052608,2015-12-07 03:34:14+00:00,Twitter for iPhone,This is Raymond. He's absolutely terrified of floating tennis ball. 10/10 it'll be ok pupper ,"https://twitter.com/dog_rates/status/673707060090052608/photo/1,https://twitter.com/dog_rates/status/673707060090052608/photo/1",10.0,10.0,Raymond,pupper,pupper
673697980713705472,2015-12-07 02:58:09+00:00,Twitter for iPhone,This is Pickles. She's a tiny pointy pupper. Average walker. Very skeptical of wet leaf. 8/10 ,"https://twitter.com/dog_rates/status/673697980713705472/photo/1,https://twitter.com/dog_rates/status/673697980713705472/photo/1",8.0,10.0,Pickles,pupper,pupper
673656262056419329,2015-12-07 00:12:23+00:00,Twitter for iPhone,This is Albert AKA King Banana Peel. He's a kind ruler of the kitchen. Very jubilant pupper. 10/10 overall great dog ,https://twitter.com/dog_rates/status/673656262056419329/photo/1,10.0,10.0,Albert,pupper,pupper
673612854080196609,2015-12-06 21:19:54+00:00,Twitter for iPhone,This is Jeffri. He's a speckled ice pupper. Very lazy. Enjoys the occasional swim. Rather majestic really. 7/10 ,https://twitter.com/dog_rates/status/673612854080196609/photo/1,7.0,10.0,Jeffri,pupper,pupper
673363615379013632,2015-12-06 04:49:31+00:00,Twitter for iPhone,This little pupper can't wait for Christmas. He's pretending to be a present. S'cute. 11/10 twenty more days  ,https://twitter.com/dog_rates/status/673363615379013632/photo/1,11.0,10.0,None,pupper,pupper
673342308415348736,2015-12-06 03:24:51+00:00,Twitter for iPhone,This is Django. He's a skilled assassin pupper. 10/10 ,https://twitter.com/dog_rates/status/673342308415348736/photo/1,10.0,10.0,Django,pupper,pupper
673295268553605120,2015-12-06 00:17:55+00:00,Twitter for iPhone,Meet Eve. She's a raging alcoholic 8/10 (would b 11/10 but pupper alcoholism is a tragic issue that I can't condone) ,https://twitter.com/dog_rates/status/673295268553605120/photo/1,8.0,10.0,Eve,pupper,pupper
673148804208660480,2015-12-05 14:35:56+00:00,Twitter for iPhone,This is Fletcher. He's had a ruff night. No more Fireball for Fletcher. 8/10 it'll be over soon pupper ,https://twitter.com/dog_rates/status/673148804208660480/photo/1,8.0,10.0,Fletcher,pupper,pupper
672988786805112832,2015-12-05 04:00:04+00:00,Twitter for iPhone,This is Schnozz. He's had a blurred tail since birth. Hasn't let that stop him. 10/10 inspirational pupper ,https://twitter.com/dog_rates/status/672988786805112832/photo/1,10.0,10.0,Schnozz,pupper,pupper
672975131468300288,2015-12-05 03:05:49+00:00,Twitter for iPhone,This is Chuckles. He is one skeptical pupper. 10/10 stay woke Chuckles ,https://twitter.com/dog_rates/status/672975131468300288/photo/1,10.0,10.0,Chuckles,pupper,pupper
672970152493887488,2015-12-05 02:46:02+00:00,Twitter for iPhone,This is Chet. He's having a hard time. Really struggling. 7/10 hang in there pupper ,https://twitter.com/dog_rates/status/672970152493887488/photo/1,7.0,10.0,Chet,pupper,pupper
672898206762672129,2015-12-04 22:00:08+00:00,Twitter for iPhone,This is Cheryl AKA Queen Pupper of the Skies. Experienced fighter pilot. Much skill. True hero. 11/10 ,https://twitter.com/dog_rates/status/672898206762672129/photo/1,11.0,10.0,Cheryl,pupper,pupper
672622327801233409,2015-12-04 03:43:54+00:00,Twitter for iPhone,This lil pupper is sad because we haven't found Kony yet. RT to spread awareness. 12/10 would pet firmly ,https://twitter.com/dog_rates/status/672622327801233409/photo/1,12.0,10.0,None,pupper,pupper
672614745925664768,2015-12-04 03:13:46+00:00,Twitter for iPhone,This is Norman. Doesn't bark much. Very docile pup. Up to date on current events. Overall nifty pupper. 6/10 ,https://twitter.com/dog_rates/status/672614745925664768/photo/1,6.0,10.0,Norman,pupper,pupper
672594978741354496,2015-12-04 01:55:13+00:00,Twitter for iPhone,Meet Scott. Just trying to catch his train to work. Doesn't need everybody staring. 9/10 ignore the haters pupper ,https://twitter.com/dog_rates/status/672594978741354496/photo/1,9.0,10.0,Scott,pupper,pupper
672481316919734272,2015-12-03 18:23:34+00:00,Twitter for iPhone,Say hello to Jazz. She should be on the cover of Vogue. 12/10 gorgeous pupper ,https://twitter.com/dog_rates/status/672481316919734272/photo/1,12.0,10.0,Jazz,pupper,pupper
672254177670729728,2015-12-03 03:21:00+00:00,Twitter for iPhone,This is Rolf. He's having the time of his life. 11/10 good pupper ,https://twitter.com/dog_rates/status/672254177670729728/photo/1,11.0,10.0,Rolf,pupper,pupper
672205392827572224,2015-12-03 00:07:09+00:00,Twitter for iPhone,This is Opal. He's a Royal John Coctostan. Ready for transport. Basically indestructible. 9/10 good pupper ,https://twitter.com/dog_rates/status/672205392827572224/photo/1,9.0,10.0,Opal,pupper,pupper
672160042234327040,2015-12-02 21:06:56+00:00,Twitter for iPhone,This is Bubba. He's a Titted Peebles Aorta. Evolutionary masterpiece. Comfortable with his body. 8/10 great pupper ,https://twitter.com/dog_rates/status/672160042234327040/photo/1,8.0,10.0,Bubba,pupper,pupper
889665388333682689,2017-07-25 01:55:32+00:00,Twitter for iPhone,Here's a puppo that seems to be on the fence about something haha no but seriously someone help her. 13/10 ,https://twitter.com/dog_rates/status/889665388333682689/photo/1,13.0,10.0,None,puppo,puppo
889531135344209921,2017-07-24 17:02:04+00:00,Twitter for iPhone,This is Stuart. He's sporting his favorite fanny pack. Secretly filled with bones only. 13/10 puppared puppo #BarkWeek ,https://twitter.com/dog_rates/status/889531135344209921/photo/1,13.0,10.0,Stuart,puppo,puppo
878776093423087618,2017-06-25 00:45:22+00:00,Twitter for iPhone,This is Snoopy. He's a proud #PrideMonthPuppo. Impeccable handwriting for not having thumbs. 13/10 would love back #PrideMonth ,"https://twitter.com/dog_rates/status/878776093423087618/photo/1,https://twitter.com/dog_rates/status/878776093423087618/photo/1",13.0,10.0,Snoopy,puppo,puppo
874012996292530176,2017-06-11 21:18:31+00:00,Twitter for iPhone,"This is Sebastian. He can't see all the colors of the rainbow, but he can see that this flag makes his human happy. 13/10 #PrideMonth puppo ","https://twitter.com/dog_rates/status/874012996292530176/photo/1,https://twitter.com/dog_rates/status/874012996292530176/photo/1",13.0,10.0,Sebastian,puppo,puppo
867421006826221569,2017-05-24 16:44:18+00:00,Twitter for iPhone,This is Shikha. She just watched you drop a skittle on the ground and still eat it. Could not be less impressed. 12/10 superior puppo ,https://twitter.com/dog_rates/status/867421006826221569/photo/1,12.0,10.0,Shikha,puppo,puppo
859607811541651456,2017-05-03 03:17:27+00:00,Twitter for iPhone,Sorry for the lack of posts today. I came home from school and had to spend quality time with my puppo. Her name is Zoey and she's 13/10 ,https://twitter.com/dog_rates/status/859607811541651456/photo/1,13.0,10.0,None,puppo,puppo
855851453814013952,2017-04-22 18:31:02+00:00,Twitter for iPhone,Here's a puppo participating in the #ScienceMarch. Cleverly disguising her own doggo agenda. 13/10 would keep the planet habitable for ,https://twitter.com/dog_rates/status/855851453814013952/photo/1,13.0,10.0,None,puppo,puppo
825535076884762624,2017-01-29 02:44:34+00:00,Twitter for iPhone,Here's a very loving and accepting puppo. Appears to have read her Constitution well. 14/10 would pat head approvingly ,https://twitter.com/dog_rates/status/825535076884762624/photo/1,14.0,10.0,None,puppo,puppo
825026590719483904,2017-01-27 17:04:02+00:00,Twitter for iPhone,"Say hello to Pablo. He's one gorgeous puppo. A true 12/10. Click the link to see why Pablo requests your assistance

","https://www.gofundme.com/my-puppys-double-cataract-surgery,https://twitter.com/dog_rates/status/825026590719483904/photo/1,https://twitter.com/dog_rates/status/825026590719483904/photo/1",12.0,10.0,Pablo,puppo,puppo
822872901745569793,2017-01-21 18:26:02+00:00,Twitter for iPhone,Here's a super supportive puppo participating in the Toronto  #WomensMarch today. 13/10 ,https://twitter.com/dog_rates/status/822872901745569793/photo/1,13.0,10.0,None,puppo,puppo
819952236453363712,2017-01-13 17:00:21+00:00,Twitter for iPhone,"This is Oliver. He has dreams of being a service puppo so he can help his owner. 13/10 selfless af

make it happen:
","https://www.gofundme.com/servicedogoliver,https://twitter.com/dog_rates/status/819952236453363712/photo/1",13.0,10.0,Oliver,puppo,puppo
803773340896923648,2016-11-30 01:31:12+00:00,Twitter for iPhone,This is Diogi. He fell in the pool as soon as he was brought home. Clumsy puppo. 12/10 would pet until dry ,"https://twitter.com/dog_rates/status/803773340896923648/photo/1,https://twitter.com/dog_rates/status/803773340896923648/photo/1,https://twitter.com/dog_rates/status/803773340896923648/photo/1,https://twitter.com/dog_rates/status/803773340896923648/photo/1",12.0,10.0,Diogi,puppo,puppo
802239329049477120,2016-11-25 19:55:35+00:00,Twitter for iPhone,This is Loki. He'll do your taxes for you. Can also make room in your budget for all the things you bought today. 12/10 what a puppo ,"https://twitter.com/dog_rates/status/802239329049477120/photo/1,https://twitter.com/dog_rates/status/802239329049477120/photo/1",12.0,10.0,Loki,puppo,puppo
793195938047070209,2016-10-31 21:00:23+00:00,Twitter for iPhone,Say hello to Lily. She's pupset that her costume doesn't fit as well as last year. 12/10 poor puppo ,"https://twitter.com/dog_rates/status/793195938047070209/photo/1,https://twitter.com/dog_rates/status/793195938047070209/photo/1",12.0,10.0,Lily,puppo,puppo
790946055508652032,2016-10-25 16:00:09+00:00,Twitter for iPhone,This is Betty. She's assisting with the dishes. Such a good puppo. 12/10 h*ckin helpful af ,https://twitter.com/dog_rates/status/790946055508652032/photo/1,12.0,10.0,Betty,puppo,puppo
787717603741622272,2016-10-16 18:11:26+00:00,Twitter for iPhone,This is Tonks. She is a service puppo. Can hear a caterpillar hiccup from 7 miles away. 13/10 would follow anywhere ,"https://twitter.com/dog_rates/status/787717603741622272/photo/1,https://twitter.com/dog_rates/status/787717603741622272/photo/1,https://twitter.com/dog_rates/status/787717603741622272/photo/1,https://twitter.com/dog_rates/status/787717603741622272/photo/1",13.0,10.0,Tonks,puppo,puppo
784183165795655680,2016-10-07 00:06:50+00:00,Vine - Make a Scene,This is Reginald. He's one magical puppo. Aerodynamic af. 12/10 would catch ,https://vine.co/v/5ghHLBMMdlV,12.0,10.0,Reginald,puppo,puppo
780931614150983680,2016-09-28 00:46:20+00:00,Twitter for iPhone,I want to finally rate this iconic puppo who thinks the parade is all for him. 13/10 would absolutely attend ,https://twitter.com/dog_rates/status/780931614150983680/photo/1,13.0,10.0,None,puppo,puppo
756275833623502848,2016-07-21 23:53:04+00:00,Twitter for iPhone,When ur older siblings get to play in the deep end but dad says ur not old enough. Maybe one day puppo. All 10/10 ,"https://twitter.com/dog_rates/status/756275833623502848/photo/1,https://twitter.com/dog_rates/status/756275833623502848/photo/1",10.0,10.0,None,puppo,puppo
752519690950500352,2016-07-11 15:07:30+00:00,Twitter for iPhone,Hopefully this puppo on a swing will help get you through your Monday. 11/10 would push ,"https://twitter.com/dog_rates/status/752519690950500352/photo/1,https://twitter.com/dog_rates/status/752519690950500352/photo/1,https://twitter.com/dog_rates/status/752519690950500352/photo/1",11.0,10.0,None,puppo,puppo
751132876104687617,2016-07-07 19:16:47+00:00,Twitter for iPhone,This is Cooper. He's just so damn happy. 10/10 what's your secret puppo? ,"https://twitter.com/dog_rates/status/751132876104687617/photo/1,https://twitter.com/dog_rates/status/751132876104687617/photo/1",10.0,10.0,Cooper,puppo,puppo
744995568523612160,2016-06-20 20:49:19+00:00,Twitter for iPhone,This is Abby. She got her face stuck in a glass. Churlish af. 9/10 rookie move puppo ,"https://twitter.com/dog_rates/status/744995568523612160/photo/1,https://twitter.com/dog_rates/status/744995568523612160/photo/1",9.0,10.0,Abby,puppo,puppo
743253157753532416,2016-06-16 01:25:36+00:00,Twitter for iPhone,"This is Kilo. He cannot reach the snackum. Nifty tongue, but not nifty enough. 10/10 maybe one day puppo ",https://twitter.com/dog_rates/status/743253157753532416/photo/1,10.0,10.0,Kilo,puppo,puppo
738537504001953792,2016-06-03 01:07:16+00:00,Twitter for iPhone,This is Bayley. She fell asleep trying to escape her evil fence enclosure. 11/10 night night puppo ,"https://twitter.com/dog_rates/status/738537504001953792/photo/1,https://twitter.com/dog_rates/status/738537504001953792/photo/1",11.0,10.0,Bayley,puppo,puppo
